{
  "experiment": "snn_qif_resnet",
  "name": "SNN-ResNet18-QIF",
  "config": {
    "type": "snn",
    "backbone": "resnet18",
    "neuron_type": "qif",
    "name": "SNN-ResNet18-QIF"
  },
  "metrics": {
    "accuracy": 0.13552337892748811,
    "balanced_accuracy": 0.2,
    "precision_macro": 0.027104675785497623,
    "precision_weighted": 0.018366586235923528,
    "recall_macro": 0.2,
    "recall_weighted": 0.13552337892748811,
    "f1_macro": 0.047739529257597904,
    "f1_weighted": 0.03234911156698673,
    "sensitivity": 0.2,
    "confusion_matrix": [
      [
        2368,
        0,
        0,
        0,
        0
      ],
      [
        619,
        0,
        0,
        0,
        0
      ],
      [
        10817,
        0,
        0,
        0,
        0
      ],
      [
        569,
        0,
        0,
        0,
        0
      ],
      [
        3100,
        0,
        0,
        0,
        0
      ]
    ],
    "per_class_metrics": {
      "class_0": {
        "TP": 2368,
        "FP": 15105,
        "FN": 0,
        "TN": 0,
        "TPR_sensitivity": 1.0,
        "TNR_specificity": 0.0,
        "PPV_precision": 0.13552337892748811,
        "NPV": 0.0,
        "FPR": 1.0,
        "FNR": 0.0,
        "FDR": 0.8644766210725119,
        "FOR": 0.0,
        "prevalence": 0.13552337892748811,
        "threat_score_CSI": 0.13552337892748811,
        "informedness_J": 0.0,
        "markedness_MK": -0.8644766210725119,
        "prevalence_threshold": 0.5,
        "LR_plus": 1.0,
        "LR_minus": Infinity,
        "DOR": 0.0
      },
      "class_1": {
        "TP": 0,
        "FP": 0,
        "FN": 619,
        "TN": 16854,
        "TPR_sensitivity": 0.0,
        "TNR_specificity": 1.0,
        "PPV_precision": 0.0,
        "NPV": 0.9645739140388028,
        "FPR": 0.0,
        "FNR": 1.0,
        "FDR": 0.0,
        "FOR": 0.03542608596119728,
        "prevalence": 0.03542608596119728,
        "threat_score_CSI": 0.0,
        "informedness_J": 0.0,
        "markedness_MK": -0.03542608596119723,
        "prevalence_threshold": 0.5,
        "LR_plus": Infinity,
        "LR_minus": 1.0,
        "DOR": Infinity
      },
      "class_2": {
        "TP": 0,
        "FP": 0,
        "FN": 10817,
        "TN": 6656,
        "TPR_sensitivity": 0.0,
        "TNR_specificity": 1.0,
        "PPV_precision": 0.0,
        "NPV": 0.38093057860699364,
        "FPR": 0.0,
        "FNR": 1.0,
        "FDR": 0.0,
        "FOR": 0.6190694213930064,
        "prevalence": 0.6190694213930064,
        "threat_score_CSI": 0.0,
        "informedness_J": 0.0,
        "markedness_MK": -0.6190694213930064,
        "prevalence_threshold": 0.5,
        "LR_plus": Infinity,
        "LR_minus": 1.0,
        "DOR": Infinity
      },
      "class_3": {
        "TP": 0,
        "FP": 0,
        "FN": 569,
        "TN": 16904,
        "TPR_sensitivity": 0.0,
        "TNR_specificity": 1.0,
        "PPV_precision": 0.0,
        "NPV": 0.9674354718708865,
        "FPR": 0.0,
        "FNR": 1.0,
        "FDR": 0.0,
        "FOR": 0.032564528129113486,
        "prevalence": 0.032564528129113486,
        "threat_score_CSI": 0.0,
        "informedness_J": 0.0,
        "markedness_MK": -0.03256452812911348,
        "prevalence_threshold": 0.5,
        "LR_plus": Infinity,
        "LR_minus": 1.0,
        "DOR": Infinity
      },
      "class_4": {
        "TP": 0,
        "FP": 0,
        "FN": 3100,
        "TN": 14373,
        "TPR_sensitivity": 0.0,
        "TNR_specificity": 1.0,
        "PPV_precision": 0.0,
        "NPV": 0.8225834144108053,
        "FPR": 0.0,
        "FNR": 1.0,
        "FDR": 0.0,
        "FOR": 0.17741658558919476,
        "prevalence": 0.17741658558919476,
        "threat_score_CSI": 0.0,
        "informedness_J": 0.0,
        "markedness_MK": -0.1774165855891947,
        "prevalence_threshold": 0.5,
        "LR_plus": Infinity,
        "LR_minus": 1.0,
        "DOR": Infinity
      }
    },
    "specificity": 0.8,
    "FPR": 0.2,
    "FNR": 0.8,
    "FDR": 0.17289532421450238,
    "FOR": 0.17289532421450238,
    "PPV": 0.027104675785497623,
    "NPV": 0.6271046757854977,
    "prevalence": 0.2,
    "threat_score_CSI": 0.0,
    "informedness_J": 0.0,
    "markedness_MK": 0.0,
    "prevalence_threshold": 0.5,
    "LR_plus": 1.0,
    "LR_minus": 1.0,
    "DOR": 0.0,
    "MCC": 0.0,
    "cohens_kappa": 0.0,
    "hamming_loss": 0.8644766210725119,
    "log_loss": 1.6094378975329389,
    "mean_prediction_entropy": 1.6094379425048828,
    "std_prediction_entropy": 0.0,
    "auc_roc": 0.5,
    "num_samples": 17473,
    "num_classes": 5,
    "class_names": [
      "class_0",
      "class_1",
      "class_2",
      "class_3",
      "class_4"
    ],
    "val_loss": 1.6094372272491455,
    "best_epoch": 1
  },
  "duration_seconds": 5337.76624083519,
  "timestamp": "2026-03-16T05:02:57.485138"
}