{
  "experiment": "vit",
  "name": "ViT-Small",
  "config": {
    "type": "vit",
    "name": "ViT-Small"
  },
  "metrics": {
    "accuracy": 0.7333600412064328,
    "balanced_accuracy": 0.7356116783253445,
    "precision_macro": 0.5793250978799034,
    "precision_weighted": 0.820907421126544,
    "recall_macro": 0.7356116783253445,
    "recall_weighted": 0.7333600412064328,
    "f1_macro": 0.6123859000517015,
    "f1_weighted": 0.7609435476645345,
    "sensitivity": 0.7356116783253445,
    "confusion_matrix": [
      [
        1873,
        410,
        42,
        5,
        38
      ],
      [
        145,
        302,
        66,
        0,
        106
      ],
      [
        326,
        642,
        7817,
        982,
        1050
      ],
      [
        1,
        0,
        34,
        534,
        0
      ],
      [
        68,
        373,
        362,
        9,
        2288
      ]
    ],
    "per_class_metrics": {
      "class_0": {
        "TP": 1873,
        "FP": 540,
        "FN": 495,
        "TN": 14565,
        "TPR_sensitivity": 0.7909628378378378,
        "TNR_specificity": 0.9642502482621649,
        "PPV_precision": 0.7762121840033154,
        "NPV": 0.9671314741035857,
        "FPR": 0.03574975173783516,
        "FNR": 0.20903716216216217,
        "FDR": 0.22378781599668462,
        "FOR": 0.03286852589641434,
        "prevalence": 0.13552337892748811,
        "threat_score_CSI": 0.6440852819807428,
        "informedness_J": 0.7552130861000026,
        "markedness_MK": 0.7433436581069011,
        "prevalence_threshold": 0.17532415338495064,
        "LR_plus": 22.124988269519516,
        "LR_minus": 0.21678725262337517,
        "DOR": 102.05852974186307
      },
      "class_1": {
        "TP": 302,
        "FP": 1425,
        "FN": 317,
        "TN": 15429,
        "TPR_sensitivity": 0.4878836833602585,
        "TNR_specificity": 0.9154503381986472,
        "PPV_precision": 0.17486971627099016,
        "NPV": 0.9798679029594818,
        "FPR": 0.08454966180135279,
        "FNR": 0.5121163166397416,
        "FDR": 0.8251302837290099,
        "FOR": 0.020132097040518226,
        "prevalence": 0.03542608596119728,
        "threat_score_CSI": 0.14774951076320939,
        "informedness_J": 0.40333402155890563,
        "markedness_MK": 0.1547376192304719,
        "prevalence_threshold": 0.293930781330724,
        "LR_plus": 5.770380069721963,
        "LR_minus": 0.559414634820546,
        "DOR": 10.315032375892413
      },
      "class_2": {
        "TP": 7817,
        "FP": 504,
        "FN": 3000,
        "TN": 6152,
        "TPR_sensitivity": 0.722658777849681,
        "TNR_specificity": 0.9242788461538461,
        "PPV_precision": 0.9394303569282538,
        "NPV": 0.6722027972027972,
        "FPR": 0.07572115384615384,
        "FNR": 0.2773412221503189,
        "FDR": 0.060569643071746185,
        "FOR": 0.3277972027972028,
        "prevalence": 0.6190694213930064,
        "threat_score_CSI": 0.6904867061213674,
        "informedness_J": 0.6469376240035272,
        "markedness_MK": 0.6116331541310509,
        "prevalence_threshold": 0.2445415045301363,
        "LR_plus": 9.543684177316424,
        "LR_minus": 0.30006228456315387,
        "DOR": 31.805677248677256
      },
      "class_3": {
        "TP": 534,
        "FP": 996,
        "FN": 35,
        "TN": 15908,
        "TPR_sensitivity": 0.9384885764499121,
        "TNR_specificity": 0.941079034548036,
        "PPV_precision": 0.34901960784313724,
        "NPV": 0.9978046791695415,
        "FPR": 0.058920965451964034,
        "FNR": 0.061511423550087874,
        "FDR": 0.6509803921568628,
        "FOR": 0.0021953208304585086,
        "prevalence": 0.032564528129113486,
        "threat_score_CSI": 0.3412140575079872,
        "informedness_J": 0.879567610997948,
        "markedness_MK": 0.34682428701267876,
        "prevalence_threshold": 0.20036144589214688,
        "LR_plus": 15.927922586655937,
        "LR_minus": 0.06536265424256257,
        "DOR": 243.6853700516351
      },
      "class_4": {
        "TP": 2288,
        "FP": 1194,
        "FN": 812,
        "TN": 13179,
        "TPR_sensitivity": 0.7380645161290322,
        "TNR_specificity": 0.9169275725318305,
        "PPV_precision": 0.6570936243538197,
        "NPV": 0.9419626903009077,
        "FPR": 0.08307242746816948,
        "FNR": 0.26193548387096777,
        "FDR": 0.3429063756461804,
        "FOR": 0.05803730969909227,
        "prevalence": 0.17741658558919476,
        "threat_score_CSI": 0.5328365160689333,
        "informedness_J": 0.6549920886608627,
        "markedness_MK": 0.5990563146547274,
        "prevalence_threshold": 0.2512119056519857,
        "LR_plus": 8.884590695412546,
        "LR_minus": 0.2856664928809029,
        "DOR": 31.101269896279426
      }
    },
    "specificity": 0.9323972079389049,
    "FPR": 0.06760279206109505,
    "FNR": 0.2643883216746557,
    "FDR": 0.4206749021200967,
    "FOR": 0.08820609125273723,
    "PPV": 0.5793250978799034,
    "NPV": 0.9117939087472628,
    "prevalence": 0.2,
    "threat_score_CSI": 0.0,
    "informedness_J": 0.0,
    "markedness_MK": 0.0,
    "prevalence_threshold": 0.23307395815798868,
    "LR_plus": 12.450313159725278,
    "LR_minus": 0.28545866382610807,
    "DOR": 83.79317586286945,
    "MCC": 0.6027673872969875,
    "cohens_kappa": 0.5864524816026522,
    "hamming_loss": 0.2666399587935672,
    "log_loss": 0.6467069822659905,
    "mean_prediction_entropy": 0.5303018689155579,
    "std_prediction_entropy": 0.379033625125885,
    "auc_roc": 0.9350640548886844,
    "num_samples": 17473,
    "num_classes": 5,
    "class_names": [
      "class_0",
      "class_1",
      "class_2",
      "class_3",
      "class_4"
    ],
    "val_loss": 0.7388427815515629,
    "best_epoch": 5
  },
  "duration_seconds": 5422.155078649521,
  "timestamp": "2026-05-28T14:49:26.196773"
}