{
  "experiment": "vit",
  "name": "ViT-Small",
  "config": {
    "type": "vit",
    "name": "ViT-Small"
  },
  "metrics": {
    "accuracy": 0.8297945401476564,
    "balanced_accuracy": 0.7304557494023014,
    "precision_macro": 0.6670708971946605,
    "precision_weighted": 0.8467467506941785,
    "recall_macro": 0.7304557494023014,
    "recall_weighted": 0.8297945401476564,
    "f1_macro": 0.6903425918952162,
    "f1_weighted": 0.8365902644633132,
    "sensitivity": 0.7304557494023014,
    "confusion_matrix": [
      [
        1938,
        243,
        152,
        0,
        35
      ],
      [
        125,
        242,
        181,
        0,
        71
      ],
      [
        223,
        272,
        9452,
        425,
        445
      ],
      [
        0,
        0,
        120,
        449,
        0
      ],
      [
        41,
        158,
        483,
        0,
        2418
      ]
    ],
    "per_class_metrics": {
      "class_0": {
        "TP": 1938,
        "FP": 389,
        "FN": 430,
        "TN": 14716,
        "TPR_sensitivity": 0.8184121621621622,
        "TNR_specificity": 0.9742469380999669,
        "PPV_precision": 0.832831972496777,
        "NPV": 0.9716096659183943,
        "FPR": 0.0257530619000331,
        "FNR": 0.18158783783783783,
        "FDR": 0.16716802750322304,
        "FOR": 0.028390334081605705,
        "prevalence": 0.13552337892748811,
        "threat_score_CSI": 0.7029379760609358,
        "informedness_J": 0.792659100262129,
        "markedness_MK": 0.8044416384151711,
        "prevalence_threshold": 0.15066353965128226,
        "LR_plus": 31.77921776210658,
        "LR_minus": 0.18638789688370078,
        "DOR": 170.50043642015902
      },
      "class_1": {
        "TP": 242,
        "FP": 673,
        "FN": 377,
        "TN": 16181,
        "TPR_sensitivity": 0.39095315024232635,
        "TNR_specificity": 0.9600688263913612,
        "PPV_precision": 0.2644808743169399,
        "NPV": 0.9772315497040706,
        "FPR": 0.0399311736086389,
        "FNR": 0.6090468497576736,
        "FDR": 0.7355191256830601,
        "FOR": 0.02276845029592946,
        "prevalence": 0.03542608596119728,
        "threat_score_CSI": 0.1873065015479876,
        "informedness_J": 0.3510219766336875,
        "markedness_MK": 0.24171242402101045,
        "prevalence_threshold": 0.2421890717663357,
        "LR_plus": 9.790675177093862,
        "LR_minus": 0.6343783206115711,
        "DOR": 15.433495847801328
      },
      "class_2": {
        "TP": 9452,
        "FP": 936,
        "FN": 1365,
        "TN": 5720,
        "TPR_sensitivity": 0.8738097439216049,
        "TNR_specificity": 0.859375,
        "PPV_precision": 0.9098960338852522,
        "NPV": 0.8073394495412844,
        "FPR": 0.140625,
        "FNR": 0.12619025607839512,
        "FDR": 0.09010396611474779,
        "FOR": 0.1926605504587156,
        "prevalence": 0.6190694213930064,
        "threat_score_CSI": 0.8042201990981026,
        "informedness_J": 0.7331847439216048,
        "markedness_MK": 0.7172354834265366,
        "prevalence_threshold": 0.2863080807006809,
        "LR_plus": 6.21375817899808,
        "LR_minus": 0.14683957070940523,
        "DOR": 42.31664631664632
      },
      "class_3": {
        "TP": 449,
        "FP": 425,
        "FN": 120,
        "TN": 16479,
        "TPR_sensitivity": 0.789103690685413,
        "TNR_specificity": 0.9748580217699953,
        "PPV_precision": 0.5137299771167048,
        "NPV": 0.9927706488342671,
        "FPR": 0.025141978230004733,
        "FNR": 0.210896309314587,
        "FDR": 0.4862700228832952,
        "FOR": 0.0072293511657328755,
        "prevalence": 0.032564528129113486,
        "threat_score_CSI": 0.4517102615694165,
        "informedness_J": 0.7639617124554081,
        "markedness_MK": 0.5065006259509719,
        "prevalence_threshold": 0.15146208716150594,
        "LR_plus": 31.38590302904993,
        "LR_minus": 0.21633540946985733,
        "DOR": 145.07982352941175
      },
      "class_4": {
        "TP": 2418,
        "FP": 551,
        "FN": 682,
        "TN": 13822,
        "TPR_sensitivity": 0.78,
        "TNR_specificity": 0.9616642315452585,
        "PPV_precision": 0.8144156281576288,
        "NPV": 0.9529784886927745,
        "FPR": 0.03833576845474153,
        "FNR": 0.22,
        "FDR": 0.18558437184237117,
        "FOR": 0.047021511307225594,
        "prevalence": 0.17741658558919476,
        "threat_score_CSI": 0.6622843056696796,
        "informedness_J": 0.7416642315452586,
        "markedness_MK": 0.7673941168504033,
        "prevalence_threshold": 0.18146471493860847,
        "LR_plus": 20.346533575317604,
        "LR_minus": 0.22877007668933583,
        "DOR": 88.93878897871639
      }
    },
    "specificity": 0.9460426035613164,
    "FPR": 0.05395739643868365,
    "FNR": 0.2695442505976987,
    "FDR": 0.33292910280533944,
    "FOR": 0.05961403946184185,
    "PPV": 0.6670708971946605,
    "NPV": 0.9403859605381581,
    "prevalence": 0.2,
    "threat_score_CSI": 0.0,
    "informedness_J": 0.0,
    "markedness_MK": 0.0,
    "prevalence_threshold": 0.20241749884368265,
    "LR_plus": 19.90321754451321,
    "LR_minus": 0.28254225487277407,
    "DOR": 92.45383821854696,
    "MCC": 0.7076849582689207,
    "cohens_kappa": 0.706680596158498,
    "hamming_loss": 0.17020545985234362,
    "log_loss": 0.43023988341091046,
    "mean_prediction_entropy": 0.4618698060512543,
    "std_prediction_entropy": 0.38463184237480164,
    "auc_roc": 0.9566927053855251,
    "num_samples": 17473,
    "num_classes": 5,
    "class_names": [
      "class_0",
      "class_1",
      "class_2",
      "class_3",
      "class_4"
    ],
    "val_loss": 0.4320383228524758,
    "best_epoch": 4
  },
  "duration_seconds": 822.9159359931946,
  "timestamp": "2026-03-16T09:12:55.611733"
}