{
  "experiment": "quantum_full_RYZ",
  "name": "Quantum-full-RYZ",
  "config": {
    "type": "quantum",
    "entanglement": "full",
    "rotation": "RYZ",
    "name": "Quantum-full-RYZ"
  },
  "metrics": {
    "accuracy": 0.82138156012133,
    "balanced_accuracy": 0.6538538592731331,
    "precision_macro": 0.5876111419615617,
    "precision_weighted": 0.7974852770717333,
    "recall_macro": 0.6538538592731331,
    "recall_weighted": 0.82138156012133,
    "f1_macro": 0.6171354330504071,
    "f1_weighted": 0.8083407740439806,
    "sensitivity": 0.6538538592731331,
    "confusion_matrix": [
      [
        2058,
        0,
        236,
        0,
        74
      ],
      [
        221,
        0,
        286,
        0,
        112
      ],
      [
        397,
        0,
        9453,
        333,
        634
      ],
      [
        0,
        0,
        144,
        425,
        0
      ],
      [
        67,
        0,
        617,
        0,
        2416
      ]
    ],
    "per_class_metrics": {
      "class_0": {
        "TP": 2058,
        "FP": 685,
        "FN": 310,
        "TN": 14420,
        "TPR_sensitivity": 0.8690878378378378,
        "TNR_specificity": 0.9546507778881165,
        "PPV_precision": 0.7502734232592052,
        "NPV": 0.9789545145960624,
        "FPR": 0.04534922211188348,
        "FNR": 0.13091216216216217,
        "FDR": 0.24972657674079474,
        "FOR": 0.021045485403937542,
        "prevalence": 0.13552337892748811,
        "threat_score_CSI": 0.6740910579757615,
        "informedness_J": 0.8237386157259543,
        "markedness_MK": 0.7292279378552675,
        "prevalence_threshold": 0.18595278237036367,
        "LR_plus": 19.164338380351154,
        "LR_minus": 0.13713094379053117,
        "DOR": 139.75210736990817
      },
      "class_1": {
        "TP": 0,
        "FP": 0,
        "FN": 619,
        "TN": 16854,
        "TPR_sensitivity": 0.0,
        "TNR_specificity": 1.0,
        "PPV_precision": 0.0,
        "NPV": 0.9645739140388028,
        "FPR": 0.0,
        "FNR": 1.0,
        "FDR": 0.0,
        "FOR": 0.03542608596119728,
        "prevalence": 0.03542608596119728,
        "threat_score_CSI": 0.0,
        "informedness_J": 0.0,
        "markedness_MK": -0.03542608596119723,
        "prevalence_threshold": 0.5,
        "LR_plus": Infinity,
        "LR_minus": 1.0,
        "DOR": Infinity
      },
      "class_2": {
        "TP": 9453,
        "FP": 1283,
        "FN": 1364,
        "TN": 5373,
        "TPR_sensitivity": 0.873902190995655,
        "TNR_specificity": 0.8072415865384616,
        "PPV_precision": 0.8804955290611028,
        "NPV": 0.7975359952501113,
        "FPR": 0.19275841346153846,
        "FNR": 0.126097809004345,
        "FDR": 0.11950447093889717,
        "FOR": 0.20246400474988868,
        "prevalence": 0.6190694213930064,
        "threat_score_CSI": 0.7812396694214876,
        "informedness_J": 0.6811437775341167,
        "markedness_MK": 0.6780315243112143,
        "prevalence_threshold": 0.3195663490588238,
        "LR_plus": 4.533665614393671,
        "LR_minus": 0.15620826665418208,
        "DOR": 29.023211840833095
      },
      "class_3": {
        "TP": 425,
        "FP": 333,
        "FN": 144,
        "TN": 16571,
        "TPR_sensitivity": 0.7469244288224957,
        "TNR_specificity": 0.9803005205868434,
        "PPV_precision": 0.5606860158311345,
        "NPV": 0.9913849835477117,
        "FPR": 0.01969947941315665,
        "FNR": 0.2530755711775044,
        "FDR": 0.4393139841688654,
        "FOR": 0.008615016452288364,
        "prevalence": 0.032564528129113486,
        "threat_score_CSI": 0.47117516629711753,
        "informedness_J": 0.727224949409339,
        "markedness_MK": 0.5520709993788462,
        "prevalence_threshold": 0.13971177811545646,
        "LR_plus": 37.91594758202843,
        "LR_minus": 0.25816121267180825,
        "DOR": 146.86926509843178
      },
      "class_4": {
        "TP": 2416,
        "FP": 820,
        "FN": 684,
        "TN": 13553,
        "TPR_sensitivity": 0.7793548387096774,
        "TNR_specificity": 0.9429485841508384,
        "PPV_precision": 0.7466007416563659,
        "NPV": 0.9519561705415467,
        "FPR": 0.057051415849161624,
        "FNR": 0.22064516129032258,
        "FDR": 0.25339925834363414,
        "FOR": 0.04804382945845333,
        "prevalence": 0.17741658558919476,
        "threat_score_CSI": 0.6163265306122448,
        "informedness_J": 0.7223034228605156,
        "markedness_MK": 0.6985569121979127,
        "prevalence_threshold": 0.21294624665353928,
        "LR_plus": 13.66056963021243,
        "LR_minus": 0.23399490173583756,
        "DOR": 58.37977463985166
      }
    },
    "specificity": 0.937028293832852,
    "FPR": 0.06297170616714805,
    "FNR": 0.34614614072686684,
    "FDR": 0.21238885803843827,
    "FOR": 0.06311888440515304,
    "PPV": 0.5876111419615617,
    "NPV": 0.9368811155948471,
    "prevalence": 0.2,
    "threat_score_CSI": 0.0,
    "informedness_J": 0.0,
    "markedness_MK": 0.0,
    "prevalence_threshold": 0.2716354312396366,
    "LR_plus": 18.81863030174642,
    "LR_minus": 0.35709906497047184,
    "DOR": 93.50608973725619,
    "MCC": 0.6845082246641586,
    "cohens_kappa": 0.6833441481377022,
    "hamming_loss": 0.17861843987866996,
    "log_loss": 0.4677670878807735,
    "mean_prediction_entropy": 0.4511525630950928,
    "std_prediction_entropy": 0.3836485743522644,
    "auc_roc": 0.941969137742426,
    "num_samples": 17473,
    "num_classes": 5,
    "class_names": [
      "class_0",
      "class_1",
      "class_2",
      "class_3",
      "class_4"
    ],
    "val_loss": 0.47130842827749947,
    "best_epoch": 13
  },
  "duration_seconds": 2862.4364347457886,
  "timestamp": "2026-03-16T22:13:04.993089"
}