{
  "experiment": "quantum_ring_RZ",
  "name": "Quantum-ring-RZ",
  "config": {
    "type": "quantum",
    "entanglement": "ring",
    "rotation": "RZ",
    "name": "Quantum-ring-RZ"
  },
  "metrics": {
    "accuracy": 0.8196646254220797,
    "balanced_accuracy": 0.6598515093816448,
    "precision_macro": 0.5799412053811381,
    "precision_weighted": 0.8008132123920928,
    "recall_macro": 0.6598515093816448,
    "recall_weighted": 0.8196646254220797,
    "f1_macro": 0.6144340749628444,
    "f1_weighted": 0.8076477544578804,
    "sensitivity": 0.6598515093816448,
    "confusion_matrix": [
      [
        2173,
        0,
        128,
        0,
        67
      ],
      [
        273,
        0,
        205,
        0,
        141
      ],
      [
        487,
        0,
        9318,
        333,
        679
      ],
      [
        0,
        0,
        146,
        423,
        0
      ],
      [
        127,
        0,
        565,
        0,
        2408
      ]
    ],
    "per_class_metrics": {
      "class_0": {
        "TP": 2173,
        "FP": 887,
        "FN": 195,
        "TN": 14218,
        "TPR_sensitivity": 0.917652027027027,
        "TNR_specificity": 0.9412777226084078,
        "PPV_precision": 0.7101307189542484,
        "NPV": 0.9864705474224659,
        "FPR": 0.058722277391592186,
        "FNR": 0.08234797297297297,
        "FDR": 0.28986928104575166,
        "FOR": 0.01352945257753417,
        "prevalence": 0.13552337892748811,
        "threat_score_CSI": 0.6675883256528418,
        "informedness_J": 0.8589297496354349,
        "markedness_MK": 0.6966012663767143,
        "prevalence_threshold": 0.20189384944262617,
        "LR_plus": 15.626982940522257,
        "LR_minus": 0.08748530959043162,
        "DOR": 178.62408001618823
      },
      "class_1": {
        "TP": 0,
        "FP": 0,
        "FN": 619,
        "TN": 16854,
        "TPR_sensitivity": 0.0,
        "TNR_specificity": 1.0,
        "PPV_precision": 0.0,
        "NPV": 0.9645739140388028,
        "FPR": 0.0,
        "FNR": 1.0,
        "FDR": 0.0,
        "FOR": 0.03542608596119728,
        "prevalence": 0.03542608596119728,
        "threat_score_CSI": 0.0,
        "informedness_J": 0.0,
        "markedness_MK": -0.03542608596119723,
        "prevalence_threshold": 0.5,
        "LR_plus": Infinity,
        "LR_minus": 1.0,
        "DOR": Infinity
      },
      "class_2": {
        "TP": 9318,
        "FP": 1044,
        "FN": 1499,
        "TN": 5612,
        "TPR_sensitivity": 0.8614218359988907,
        "TNR_specificity": 0.8431490384615384,
        "PPV_precision": 0.8992472495657209,
        "NPV": 0.7891998312473633,
        "FPR": 0.15685096153846154,
        "FNR": 0.13857816400110937,
        "FDR": 0.1007527504342791,
        "FOR": 0.21080016875263677,
        "prevalence": 0.6190694213930064,
        "threat_score_CSI": 0.7855998651041227,
        "informedness_J": 0.7045708744604291,
        "markedness_MK": 0.6884470808130843,
        "prevalence_threshold": 0.2990880778439373,
        "LR_plus": 5.491976762843502,
        "LR_minus": 0.16435785096068853,
        "DOR": 33.41475159685
      },
      "class_3": {
        "TP": 423,
        "FP": 333,
        "FN": 146,
        "TN": 16571,
        "TPR_sensitivity": 0.7434094903339191,
        "TNR_specificity": 0.9803005205868434,
        "PPV_precision": 0.5595238095238095,
        "NPV": 0.9912663755458515,
        "FPR": 0.01969947941315665,
        "FNR": 0.2565905096660808,
        "FDR": 0.44047619047619047,
        "FOR": 0.008733624454148471,
        "prevalence": 0.032564528129113486,
        "threat_score_CSI": 0.46895787139689576,
        "informedness_J": 0.7237100109207626,
        "markedness_MK": 0.550790185069661,
        "prevalence_threshold": 0.13999549222703322,
        "LR_plus": 37.737519593407114,
        "LR_minus": 0.2617467850700278,
        "DOR": 144.17567567567568
      },
      "class_4": {
        "TP": 2408,
        "FP": 887,
        "FN": 692,
        "TN": 13486,
        "TPR_sensitivity": 0.7767741935483871,
        "TNR_specificity": 0.9382870660265776,
        "PPV_precision": 0.730804248861912,
        "NPV": 0.9511919875864014,
        "FPR": 0.06171293397342239,
        "FNR": 0.2232258064516129,
        "FDR": 0.269195751138088,
        "FOR": 0.048808012413598535,
        "prevalence": 0.17741658558919476,
        "threat_score_CSI": 0.6039628793579133,
        "informedness_J": 0.7150612595749646,
        "markedness_MK": 0.6819962364483134,
        "prevalence_threshold": 0.21988647224284383,
        "LR_plus": 12.586894570316762,
        "LR_minus": 0.23790779446307522,
        "DOR": 52.90660862425138
      }
    },
    "specificity": 0.9406028695366734,
    "FPR": 0.05939713046332655,
    "FNR": 0.3401484906183552,
    "FDR": 0.22005879461886185,
    "FOR": 0.06345946883182305,
    "PPV": 0.5799412053811381,
    "NPV": 0.9365405311681771,
    "prevalence": 0.2,
    "threat_score_CSI": 0.0,
    "informedness_J": 0.0,
    "markedness_MK": 0.0,
    "prevalence_threshold": 0.27217277835128806,
    "LR_plus": 17.86084346677241,
    "LR_minus": 0.3502995480168446,
    "DOR": 102.28027897824131,
    "MCC": 0.6882824232842814,
    "cohens_kappa": 0.685976932163696,
    "hamming_loss": 0.18033537457792023,
    "log_loss": 0.4704650330481147,
    "mean_prediction_entropy": 0.43894073367118835,
    "std_prediction_entropy": 0.37503454089164734,
    "auc_roc": 0.9426351249495394,
    "num_samples": 17473,
    "num_classes": 5,
    "class_names": [
      "class_0",
      "class_1",
      "class_2",
      "class_3",
      "class_4"
    ],
    "val_loss": 0.47502662687406055,
    "best_epoch": 15
  },
  "duration_seconds": 1886.2715167999268,
  "timestamp": "2026-03-16T12:39:39.366209"
}