{
  "experiment": "deit",
  "name": "DeiT-Small",
  "config": {
    "type": "deit",
    "name": "DeiT-Small"
  },
  "metrics": {
    "accuracy": 0.8327705602930235,
    "balanced_accuracy": 0.7009758082876765,
    "precision_macro": 0.6781569727307498,
    "precision_weighted": 0.8361132177251724,
    "recall_macro": 0.7009758082876765,
    "recall_weighted": 0.8327705602930235,
    "f1_macro": 0.6840402163660533,
    "f1_weighted": 0.8325214094662435,
    "sensitivity": 0.7009758082876765,
    "confusion_matrix": [
      [
        2090,
        128,
        92,
        0,
        58
      ],
      [
        131,
        196,
        229,
        0,
        63
      ],
      [
        230,
        192,
        9686,
        420,
        289
      ],
      [
        0,
        0,
        166,
        403,
        0
      ],
      [
        58,
        52,
        814,
        0,
        2176
      ]
    ],
    "per_class_metrics": {
      "class_0": {
        "TP": 2090,
        "FP": 419,
        "FN": 278,
        "TN": 14686,
        "TPR_sensitivity": 0.8826013513513513,
        "TNR_specificity": 0.9722608407811982,
        "PPV_precision": 0.8330011956954962,
        "NPV": 0.9814220796578454,
        "FPR": 0.027739159218801723,
        "FNR": 0.11739864864864864,
        "FDR": 0.16699880430450378,
        "FOR": 0.018577920342154504,
        "prevalence": 0.13552337892748811,
        "threat_score_CSI": 0.7499102978112666,
        "informedness_J": 0.8548621921325497,
        "markedness_MK": 0.8144232753533416,
        "prevalence_threshold": 0.15058575556213333,
        "LR_plus": 31.817884038573176,
        "LR_minus": 0.12074809940336632,
        "DOR": 263.5062928177744
      },
      "class_1": {
        "TP": 196,
        "FP": 372,
        "FN": 423,
        "TN": 16482,
        "TPR_sensitivity": 0.3166397415185784,
        "TNR_specificity": 0.9779280882876469,
        "PPV_precision": 0.34507042253521125,
        "NPV": 0.974977817213842,
        "FPR": 0.022071911712353152,
        "FNR": 0.6833602584814217,
        "FDR": 0.6549295774647887,
        "FOR": 0.02502218278615794,
        "prevalence": 0.03542608596119728,
        "threat_score_CSI": 0.1977800201816347,
        "informedness_J": 0.2945678298062253,
        "markedness_MK": 0.3200482397490534,
        "prevalence_threshold": 0.20887344369496855,
        "LR_plus": 14.345823127833656,
        "LR_minus": 0.6987837517562117,
        "DOR": 20.52970334782277
      },
      "class_2": {
        "TP": 9686,
        "FP": 1301,
        "FN": 1131,
        "TN": 5355,
        "TPR_sensitivity": 0.8954423592493298,
        "TNR_specificity": 0.8045372596153846,
        "PPV_precision": 0.8815873304814781,
        "NPV": 0.8256244218316374,
        "FPR": 0.1954627403846154,
        "FNR": 0.10455764075067024,
        "FDR": 0.11841266951852189,
        "FOR": 0.17437557816836263,
        "prevalence": 0.6190694213930064,
        "threat_score_CSI": 0.7993068163063212,
        "informedness_J": 0.6999796188647145,
        "markedness_MK": 0.7072117523131154,
        "prevalence_threshold": 0.318434829241595,
        "LR_plus": 4.581140924799031,
        "LR_minus": 0.1299599732654456,
        "DOR": 35.25039910128304
      },
      "class_3": {
        "TP": 403,
        "FP": 420,
        "FN": 166,
        "TN": 16484,
        "TPR_sensitivity": 0.7082601054481547,
        "TNR_specificity": 0.9751538097491718,
        "PPV_precision": 0.4896719319562576,
        "NPV": 0.99003003003003,
        "FPR": 0.024846190250828206,
        "FNR": 0.29173989455184535,
        "FDR": 0.5103280680437424,
        "FOR": 0.00996996996996997,
        "prevalence": 0.032564528129113486,
        "threat_score_CSI": 0.4074823053589484,
        "informedness_J": 0.6834139151973264,
        "markedness_MK": 0.47970196198628745,
        "prevalence_threshold": 0.15775158016194873,
        "LR_plus": 28.505782910703825,
        "LR_minus": 0.29917320902113526,
        "DOR": 95.28187033849684
      },
      "class_4": {
        "TP": 2176,
        "FP": 410,
        "FN": 924,
        "TN": 13963,
        "TPR_sensitivity": 0.7019354838709677,
        "TNR_specificity": 0.9714742920754192,
        "PPV_precision": 0.8414539829853055,
        "NPV": 0.9379324242627796,
        "FPR": 0.028525707924580812,
        "FNR": 0.29806451612903223,
        "FDR": 0.1585460170146945,
        "FOR": 0.062067575737220396,
        "prevalence": 0.17741658558919476,
        "threat_score_CSI": 0.6199430199430199,
        "informedness_J": 0.6734097759463871,
        "markedness_MK": 0.7793864072480852,
        "prevalence_threshold": 0.16776957547122068,
        "LR_plus": 24.607118804091265,
        "LR_minus": 0.30681667910352933,
        "DOR": 80.20137261112872
      }
    },
    "specificity": 0.9402708581017641,
    "FPR": 0.059729141898235846,
    "FNR": 0.29902419171232364,
    "FDR": 0.3218430272692503,
    "FOR": 0.05800264540077309,
    "PPV": 0.6781569727307498,
    "NPV": 0.9419973545992268,
    "prevalence": 0.2,
    "threat_score_CSI": 0.0,
    "informedness_J": 0.0,
    "markedness_MK": 0.0,
    "prevalence_threshold": 0.20068303682637328,
    "LR_plus": 20.77154996120019,
    "LR_minus": 0.3110963425099377,
    "DOR": 98.95392764330116,
    "MCC": 0.7033995349106268,
    "cohens_kappa": 0.7026115891689917,
    "hamming_loss": 0.16722943970697648,
    "log_loss": 0.42719476933187345,
    "mean_prediction_entropy": 0.34774404764175415,
    "std_prediction_entropy": 0.3565864562988281,
    "auc_roc": 0.9576394376144213,
    "num_samples": 17473,
    "num_classes": 5,
    "class_names": [
      "class_0",
      "class_1",
      "class_2",
      "class_3",
      "class_4"
    ],
    "val_loss": 0.4294008277628544,
    "best_epoch": 9
  },
  "duration_seconds": 1251.7042064666748,
  "timestamp": "2026-03-16T09:33:47.714319"
}