{
  "experiment": "quantum_full_RXYZ",
  "name": "Quantum-full-RXYZ",
  "config": {
    "type": "quantum",
    "entanglement": "full",
    "rotation": "RXYZ",
    "name": "Quantum-full-RXYZ"
  },
  "metrics": {
    "accuracy": 0.8352887311852573,
    "balanced_accuracy": 0.6511715818528993,
    "precision_macro": 0.6506587528613941,
    "precision_weighted": 0.8175651343967912,
    "recall_macro": 0.6511715818528993,
    "recall_weighted": 0.8352887311852573,
    "f1_macro": 0.6330587781934442,
    "f1_weighted": 0.8228251307093378,
    "sensitivity": 0.6511715818528993,
    "confusion_matrix": [
      [
        2080,
        26,
        209,
        0,
        53
      ],
      [
        206,
        13,
        279,
        0,
        121
      ],
      [
        362,
        9,
        9710,
        260,
        476
      ],
      [
        0,
        0,
        180,
        389,
        0
      ],
      [
        80,
        11,
        606,
        0,
        2403
      ]
    ],
    "per_class_metrics": {
      "class_0": {
        "TP": 2080,
        "FP": 648,
        "FN": 288,
        "TN": 14457,
        "TPR_sensitivity": 0.8783783783783784,
        "TNR_specificity": 0.9571002979145978,
        "PPV_precision": 0.7624633431085044,
        "NPV": 0.980467955239064,
        "FPR": 0.04289970208540218,
        "FNR": 0.12162162162162163,
        "FDR": 0.2375366568914956,
        "FOR": 0.01953204476093591,
        "prevalence": 0.13552337892748811,
        "threat_score_CSI": 0.6896551724137931,
        "informedness_J": 0.8354786762929762,
        "markedness_MK": 0.7429312983475684,
        "prevalence_threshold": 0.1809971487155259,
        "LR_plus": 20.475162662662665,
        "LR_minus": 0.12707301615788855,
        "DOR": 161.12911522633746
      },
      "class_1": {
        "TP": 13,
        "FP": 46,
        "FN": 606,
        "TN": 16808,
        "TPR_sensitivity": 0.0210016155088853,
        "TNR_specificity": 0.9972706775839564,
        "PPV_precision": 0.22033898305084745,
        "NPV": 0.9652004134604342,
        "FPR": 0.0027293224160436693,
        "FNR": 0.9789983844911146,
        "FDR": 0.7796610169491526,
        "FOR": 0.034799586539565865,
        "prevalence": 0.03542608596119728,
        "threat_score_CSI": 0.019548872180451128,
        "informedness_J": 0.01827229309284162,
        "markedness_MK": 0.1855393965112817,
        "prevalence_threshold": 0.26497422835192613,
        "LR_plus": 7.694809299712018,
        "LR_minus": 0.9816776994415306,
        "DOR": 7.838427320992969
      },
      "class_2": {
        "TP": 9710,
        "FP": 1274,
        "FN": 1107,
        "TN": 5382,
        "TPR_sensitivity": 0.8976610890265323,
        "TNR_specificity": 0.80859375,
        "PPV_precision": 0.8840131099781501,
        "NPV": 0.8294036061026352,
        "FPR": 0.19140625,
        "FNR": 0.10233891097346769,
        "FDR": 0.11598689002184996,
        "FOR": 0.17059639389736478,
        "prevalence": 0.6190694213930064,
        "threat_score_CSI": 0.8030766685964768,
        "informedness_J": 0.7062548390265322,
        "markedness_MK": 0.7134167160807854,
        "prevalence_threshold": 0.315895930488139,
        "LR_plus": 4.689821199812087,
        "LR_minus": 0.12656406381259772,
        "DOR": 37.054919528787124
      },
      "class_3": {
        "TP": 389,
        "FP": 260,
        "FN": 180,
        "TN": 16644,
        "TPR_sensitivity": 0.6836555360281195,
        "TNR_specificity": 0.9846190250828206,
        "PPV_precision": 0.5993836671802774,
        "NPV": 0.9893009985734664,
        "FPR": 0.015380974917179366,
        "FNR": 0.3163444639718805,
        "FDR": 0.40061633281972264,
        "FOR": 0.010699001426533523,
        "prevalence": 0.032564528129113486,
        "threat_score_CSI": 0.4692400482509047,
        "informedness_J": 0.6682745611109402,
        "markedness_MK": 0.5886846657537439,
        "prevalence_threshold": 0.13043008317210944,
        "LR_plus": 44.44812761930512,
        "LR_minus": 0.3212861583141473,
        "DOR": 138.34435897435895
      },
      "class_4": {
        "TP": 2403,
        "FP": 650,
        "FN": 697,
        "TN": 13723,
        "TPR_sensitivity": 0.7751612903225806,
        "TNR_specificity": 0.9547763167049329,
        "PPV_precision": 0.787094660989191,
        "NPV": 0.9516643550624133,
        "FPR": 0.04522368329506714,
        "FNR": 0.22483870967741937,
        "FDR": 0.21290533901080905,
        "FOR": 0.048335644937586686,
        "prevalence": 0.17741658558919476,
        "threat_score_CSI": 0.6408,
        "informedness_J": 0.7299376070275136,
        "markedness_MK": 0.7387590160516044,
        "prevalence_threshold": 0.19454793533318476,
        "LR_plus": 17.140604962779157,
        "LR_minus": 0.23548836072240387,
        "DOR": 72.78748261781261
      }
    },
    "specificity": 0.9404720134572615,
    "FPR": 0.05952798654273848,
    "FNR": 0.34882841814710075,
    "FDR": 0.349341247138606,
    "FOR": 0.05679253431239735,
    "PPV": 0.6506587528613941,
    "NPV": 0.9432074656876026,
    "prevalence": 0.2,
    "threat_score_CSI": 0.0,
    "informedness_J": 0.0,
    "markedness_MK": 0.0,
    "prevalence_threshold": 0.21736906521217705,
    "LR_plus": 18.889705148854212,
    "LR_minus": 0.3584178596897136,
    "DOR": 83.43086073365782,
    "MCC": 0.7055414908906095,
    "cohens_kappa": 0.7044736510918916,
    "hamming_loss": 0.16471126881474274,
    "log_loss": 0.44140928689141745,
    "mean_prediction_entropy": 0.3888036012649536,
    "std_prediction_entropy": 0.3642931282520294,
    "auc_roc": 0.948380900376625,
    "num_samples": 17473,
    "num_classes": 5,
    "class_names": [
      "class_0",
      "class_1",
      "class_2",
      "class_3",
      "class_4"
    ],
    "val_loss": 0.44491608457191145,
    "best_epoch": 30
  },
  "duration_seconds": 5112.689800262451,
  "timestamp": "2026-03-16T23:38:18.109166"
}