epoch,train_loss,train_acc,val_loss,val_acc,val_f1,val_auc,val_precision,val_recall,val_specificity,val_sensitivity,lr
0,2.1119332260826007,40.47086396079685,1.1581115333268241,64.25341956160933,0.5284217396163963,0.8818047272928362,0.5109940302499483,0.6481311588096326,0.9069667639319368,0.6481311588096326,0.00033106575963718824
1,0.7242788218316578,71.10898050495366,0.9821723854019694,68.49997138442167,0.5659047886854591,0.9211939286252437,0.5689809870725621,0.7053387359177349,0.9216004997571758,0.7053387359177349,0.0006643990929705216
2,0.5598206572792157,76.7870459145627,1.0710761182989081,73.79957648944085,0.5936991340374462,0.9085811036121367,0.5603965029744357,0.6997546538073716,0.9274266803423667,0.6997546538073716,0.000997732426303855
3,0.48496339627269175,79.02418237988708,1.1124759425211996,75.68248154295199,0.620308377431442,0.9274805615275902,0.5839572616835463,0.7209875045201903,0.9328423341069634,0.7209875045201903,0.000997732426303855
4,0.27402496064195825,85.70363268349845,1.0976809054395578,75.97436044182453,0.6283987113786088,0.933468333795463,0.6006442601364796,0.7321158805896802,0.9334206292403774,0.7321158805896802,0.0004988662131519275
