epoch,train_loss,train_acc,val_loss,val_acc,val_f1,val_auc,val_precision,val_recall,val_specificity,val_sensitivity,lr
0,1.3588497416663716,54.834242601501785,1.340395407085001,63.06873461912665,0.20174602053184043,0.5541993341629661,0.23093621481531654,0.22763450736953095,0.8117302480393654,0.22763450736953095,0.000332824427480916
1,1.1949550812481013,67.72237277209402,1.6103748239739968,13.552337892748811,0.047739529257597904,0.5668589648766911,0.027104675785497623,0.2,0.8,0.2,0.0006661577608142494
2,1.1776554711902414,68.77648716081512,1.3039186662130982,62.090081840554,0.1584510345152995,0.5404206008600443,0.3240410526919328,0.20270270270270271,0.8009615384615385,0.20270270270270271,0.0009994910941475827
3,1.1681914358648635,69.33637351224229,1.341770035507035,62.04429691524066,0.22033020793894717,0.5535613626259922,0.21008088639422012,0.24563322654030567,0.8174781596930462,0.24563322654030567,0.0009994910941475827
4,1.1599789064349109,69.5990067687753,1.3863939699465342,47.29582784868082,0.1923531215766328,0.5729666142095844,0.17503206359749882,0.2559736738217371,0.8207703427768441,0.2559736738217371,0.0009961119935382127
5,1.1565323218134522,69.68973462103214,1.3776122662272767,51.05019172437475,0.20091130347151206,0.5206124037287003,0.17592893332112866,0.2538532002928323,0.8161279178761489,0.2538532002928323,0.0009860203882490518
6,1.1542544983725511,69.75061778504661,1.3896024148829662,44.58879413952956,0.18665390591711703,0.5740680596484699,0.17394815671713143,0.26009233932323744,0.8190959437781682,0.26009233932323744,0.0009693527499296499
7,1.1510194126886266,70.03593300464384,1.3012488188534757,62.35334516110571,0.16612288062153865,0.5338564015600735,0.3243690715722909,0.20658783783783785,0.80234375,0.20658783783783785,0.0009463344797952117
8,1.1483163839078132,70.48599090333903,1.2948707681502738,61.90694213930064,0.15294450335807705,0.5061406710460185,0.12381388427860127,0.2,0.8,0.2,0.0009172768604618339
