{
  "experiment": "quantum_ring_RXYZ",
  "name": "Quantum-ring-RXYZ",
  "config": {
    "type": "quantum",
    "entanglement": "ring",
    "rotation": "RXYZ",
    "name": "Quantum-ring-RXYZ"
  },
  "metrics": {
    "accuracy": 0.8364905854747324,
    "balanced_accuracy": 0.6751353381144277,
    "precision_macro": 0.6817629251148898,
    "precision_weighted": 0.8308816199573641,
    "recall_macro": 0.6751353381144277,
    "recall_weighted": 0.8364905854747324,
    "f1_macro": 0.6556839831191302,
    "f1_weighted": 0.828598679385405,
    "sensitivity": 0.6751353381144277,
    "confusion_matrix": [
      [
        2134,
        30,
        139,
        0,
        65
      ],
      [
        218,
        54,
        227,
        0,
        120
      ],
      [
        397,
        28,
        9485,
        267,
        640
      ],
      [
        0,
        0,
        178,
        391,
        0
      ],
      [
        102,
        22,
        424,
        0,
        2552
      ]
    ],
    "per_class_metrics": {
      "class_0": {
        "TP": 2134,
        "FP": 717,
        "FN": 234,
        "TN": 14388,
        "TPR_sensitivity": 0.9011824324324325,
        "TNR_specificity": 0.95253227408143,
        "PPV_precision": 0.748509294984216,
        "NPV": 0.9839967172753386,
        "FPR": 0.04746772591857001,
        "FNR": 0.09881756756756757,
        "FDR": 0.2514907050157839,
        "FOR": 0.01600328272466147,
        "prevalence": 0.13552337892748811,
        "threat_score_CSI": 0.6917341977309562,
        "informedness_J": 0.8537147065138626,
        "markedness_MK": 0.7325060122595546,
        "prevalence_threshold": 0.18666479774513994,
        "LR_plus": 18.98516128576275,
        "LR_minus": 0.10374196261524243,
        "DOR": 183.00368343882988
      },
      "class_1": {
        "TP": 54,
        "FP": 80,
        "FN": 565,
        "TN": 16774,
        "TPR_sensitivity": 0.08723747980613894,
        "TNR_specificity": 0.9952533523199241,
        "PPV_precision": 0.40298507462686567,
        "NPV": 0.9674144991060615,
        "FPR": 0.004746647680075947,
        "FNR": 0.9127625201938611,
        "FDR": 0.5970149253731343,
        "FOR": 0.03258550089393852,
        "prevalence": 0.03542608596119728,
        "threat_score_CSI": 0.07725321888412018,
        "informedness_J": 0.08249083212606312,
        "markedness_MK": 0.3703995737329271,
        "prevalence_threshold": 0.1891415664046567,
        "LR_plus": 18.37875605815832,
        "LR_minus": 0.9171157455196932,
        "DOR": 20.039734513274336
      },
      "class_2": {
        "TP": 9485,
        "FP": 968,
        "FN": 1332,
        "TN": 5688,
        "TPR_sensitivity": 0.8768604973652584,
        "TNR_specificity": 0.8545673076923077,
        "PPV_precision": 0.9073950062183105,
        "NPV": 0.8102564102564103,
        "FPR": 0.14543269230769232,
        "FNR": 0.1231395026347416,
        "FDR": 0.09260499378168947,
        "FOR": 0.18974358974358974,
        "prevalence": 0.6190694213930064,
        "threat_score_CSI": 0.8048366567670768,
        "informedness_J": 0.731427805057566,
        "markedness_MK": 0.7176514164747207,
        "prevalence_threshold": 0.28939642285628947,
        "LR_plus": 6.029321767007396,
        "LR_minus": 0.14409573304093531,
        "DOR": 41.84247263792718
      },
      "class_3": {
        "TP": 391,
        "FP": 267,
        "FN": 178,
        "TN": 16637,
        "TPR_sensitivity": 0.687170474516696,
        "TNR_specificity": 0.9842049219119735,
        "PPV_precision": 0.5942249240121581,
        "NPV": 0.9894142134998514,
        "FPR": 0.015795078088026503,
        "FNR": 0.31282952548330406,
        "FDR": 0.40577507598784196,
        "FOR": 0.010585786500148677,
        "prevalence": 0.032564528129113486,
        "threat_score_CSI": 0.4677033492822967,
        "informedness_J": 0.6713753964286695,
        "markedness_MK": 0.5836391375120096,
        "prevalence_threshold": 0.13165068132396446,
        "LR_plus": 43.50535468625554,
        "LR_minus": 0.3178499909100061,
        "DOR": 136.87385851954718
      },
      "class_4": {
        "TP": 2552,
        "FP": 825,
        "FN": 548,
        "TN": 13548,
        "TPR_sensitivity": 0.8232258064516129,
        "TNR_specificity": 0.9426007096639533,
        "PPV_precision": 0.755700325732899,
        "NPV": 0.9611237230419978,
        "FPR": 0.05739929033604675,
        "FNR": 0.1767741935483871,
        "FDR": 0.24429967426710097,
        "FOR": 0.03887627695800227,
        "prevalence": 0.17741658558919476,
        "threat_score_CSI": 0.6501910828025478,
        "informedness_J": 0.7658265161155662,
        "markedness_MK": 0.7168240487748969,
        "prevalence_threshold": 0.20889494585125692,
        "LR_plus": 14.342090322580646,
        "LR_minus": 0.18753878682248065,
        "DOR": 76.47532846715329
      }
    },
    "specificity": 0.9458317131339177,
    "FPR": 0.054168286866082306,
    "FNR": 0.3248646618855723,
    "FDR": 0.31823707488511016,
    "FOR": 0.05755888736406813,
    "PPV": 0.6817629251148898,
    "NPV": 0.9424411126359319,
    "prevalence": 0.2,
    "threat_score_CSI": 0.0,
    "informedness_J": 0.0,
    "markedness_MK": 0.0,
    "prevalence_threshold": 0.2011496828362615,
    "LR_plus": 20.24813682395293,
    "LR_minus": 0.33406844378167155,
    "DOR": 91.64701551534638,
    "MCC": 0.7154642223950272,
    "cohens_kappa": 0.7140191616775249,
    "hamming_loss": 0.16350941452526754,
    "log_loss": 0.42987155142527766,
    "mean_prediction_entropy": 0.3972482681274414,
    "std_prediction_entropy": 0.3686101734638214,
    "auc_roc": 0.9510950989787353,
    "num_samples": 17473,
    "num_classes": 5,
    "class_names": [
      "class_0",
      "class_1",
      "class_2",
      "class_3",
      "class_4"
    ],
    "val_loss": 0.43412647162475726,
    "best_epoch": 26
  },
  "duration_seconds": 3960.912674665451,
  "timestamp": "2026-03-16T16:32:38.664801"
}