{
  "experiment": "snn_qif_vit",
  "name": "SNN-ViT-QIF",
  "config": {
    "type": "snn_vit",
    "neuron_type": "qif",
    "name": "SNN-ViT-QIF"
  },
  "metrics": {
    "accuracy": 0.6190694213930064,
    "balanced_accuracy": 0.2,
    "precision_macro": 0.12381388427860127,
    "precision_weighted": 0.3832469485038717,
    "recall_macro": 0.2,
    "recall_weighted": 0.6190694213930064,
    "f1_macro": 0.15294450335807705,
    "f1_weighted": 0.4734163259956274,
    "sensitivity": 0.2,
    "confusion_matrix": [
      [
        0,
        0,
        2368,
        0,
        0
      ],
      [
        0,
        0,
        619,
        0,
        0
      ],
      [
        0,
        0,
        10817,
        0,
        0
      ],
      [
        0,
        0,
        569,
        0,
        0
      ],
      [
        0,
        0,
        3100,
        0,
        0
      ]
    ],
    "per_class_metrics": {
      "class_0": {
        "TP": 0,
        "FP": 0,
        "FN": 2368,
        "TN": 15105,
        "TPR_sensitivity": 0.0,
        "TNR_specificity": 1.0,
        "PPV_precision": 0.0,
        "NPV": 0.8644766210725119,
        "FPR": 0.0,
        "FNR": 1.0,
        "FDR": 0.0,
        "FOR": 0.13552337892748811,
        "prevalence": 0.13552337892748811,
        "threat_score_CSI": 0.0,
        "informedness_J": 0.0,
        "markedness_MK": -0.13552337892748811,
        "prevalence_threshold": 0.5,
        "LR_plus": Infinity,
        "LR_minus": 1.0,
        "DOR": Infinity
      },
      "class_1": {
        "TP": 0,
        "FP": 0,
        "FN": 619,
        "TN": 16854,
        "TPR_sensitivity": 0.0,
        "TNR_specificity": 1.0,
        "PPV_precision": 0.0,
        "NPV": 0.9645739140388028,
        "FPR": 0.0,
        "FNR": 1.0,
        "FDR": 0.0,
        "FOR": 0.03542608596119728,
        "prevalence": 0.03542608596119728,
        "threat_score_CSI": 0.0,
        "informedness_J": 0.0,
        "markedness_MK": -0.03542608596119723,
        "prevalence_threshold": 0.5,
        "LR_plus": Infinity,
        "LR_minus": 1.0,
        "DOR": Infinity
      },
      "class_2": {
        "TP": 10817,
        "FP": 6656,
        "FN": 0,
        "TN": 0,
        "TPR_sensitivity": 1.0,
        "TNR_specificity": 0.0,
        "PPV_precision": 0.6190694213930064,
        "NPV": 0.0,
        "FPR": 1.0,
        "FNR": 0.0,
        "FDR": 0.38093057860699364,
        "FOR": 0.0,
        "prevalence": 0.6190694213930064,
        "threat_score_CSI": 0.6190694213930064,
        "informedness_J": 0.0,
        "markedness_MK": -0.38093057860699364,
        "prevalence_threshold": 0.5,
        "LR_plus": 1.0,
        "LR_minus": Infinity,
        "DOR": 0.0
      },
      "class_3": {
        "TP": 0,
        "FP": 0,
        "FN": 569,
        "TN": 16904,
        "TPR_sensitivity": 0.0,
        "TNR_specificity": 1.0,
        "PPV_precision": 0.0,
        "NPV": 0.9674354718708865,
        "FPR": 0.0,
        "FNR": 1.0,
        "FDR": 0.0,
        "FOR": 0.032564528129113486,
        "prevalence": 0.032564528129113486,
        "threat_score_CSI": 0.0,
        "informedness_J": 0.0,
        "markedness_MK": -0.03256452812911348,
        "prevalence_threshold": 0.5,
        "LR_plus": Infinity,
        "LR_minus": 1.0,
        "DOR": Infinity
      },
      "class_4": {
        "TP": 0,
        "FP": 0,
        "FN": 3100,
        "TN": 14373,
        "TPR_sensitivity": 0.0,
        "TNR_specificity": 1.0,
        "PPV_precision": 0.0,
        "NPV": 0.8225834144108053,
        "FPR": 0.0,
        "FNR": 1.0,
        "FDR": 0.0,
        "FOR": 0.17741658558919476,
        "prevalence": 0.17741658558919476,
        "threat_score_CSI": 0.0,
        "informedness_J": 0.0,
        "markedness_MK": -0.1774165855891947,
        "prevalence_threshold": 0.5,
        "LR_plus": Infinity,
        "LR_minus": 1.0,
        "DOR": Infinity
      }
    },
    "specificity": 0.8,
    "FPR": 0.2,
    "FNR": 0.8,
    "FDR": 0.07618611572139873,
    "FOR": 0.07618611572139873,
    "PPV": 0.12381388427860127,
    "NPV": 0.7238138842786013,
    "prevalence": 0.2,
    "threat_score_CSI": 0.0,
    "informedness_J": 0.0,
    "markedness_MK": 0.0,
    "prevalence_threshold": 0.5,
    "LR_plus": 1.0,
    "LR_minus": 1.0,
    "DOR": 0.0,
    "MCC": 0.0,
    "cohens_kappa": 0.0,
    "hamming_loss": 0.38093057860699364,
    "log_loss": 1.4435296869541192,
    "mean_prediction_entropy": 1.5917643308639526,
    "std_prediction_entropy": 0.004219475667923689,
    "auc_roc": 0.5366971288444798,
    "num_samples": 17473,
    "num_classes": 5,
    "class_names": [
      "class_0",
      "class_1",
      "class_2",
      "class_3",
      "class_4"
    ],
    "val_loss": 1.443036523178546,
    "best_epoch": 1
  },
  "duration_seconds": 4528.423157215118,
  "timestamp": "2026-03-16T08:10:07.037743"
}