{
  "experiment": "quantum_ring_RXY",
  "name": "Quantum-ring-RXY",
  "config": {
    "type": "quantum",
    "entanglement": "ring",
    "rotation": "RXY",
    "name": "Quantum-ring-RXY"
  },
  "metrics": {
    "accuracy": 0.839752761403308,
    "balanced_accuracy": 0.6609931396385054,
    "precision_macro": 0.6794939014781474,
    "precision_weighted": 0.8272412291688371,
    "recall_macro": 0.6609931396385054,
    "recall_weighted": 0.839752761403308,
    "f1_macro": 0.6460932714733818,
    "f1_weighted": 0.8286884798187089,
    "sensitivity": 0.6609931396385054,
    "confusion_matrix": [
      [
        2104,
        31,
        173,
        0,
        60
      ],
      [
        212,
        29,
        278,
        0,
        100
      ],
      [
        380,
        8,
        9700,
        246,
        483
      ],
      [
        0,
        0,
        181,
        388,
        0
      ],
      [
        86,
        16,
        546,
        0,
        2452
      ]
    ],
    "per_class_metrics": {
      "class_0": {
        "TP": 2104,
        "FP": 678,
        "FN": 264,
        "TN": 14427,
        "TPR_sensitivity": 0.8885135135135135,
        "TNR_specificity": 0.9551142005958292,
        "PPV_precision": 0.7562904385334291,
        "NPV": 0.982029814171942,
        "FPR": 0.044885799404170805,
        "FNR": 0.11148648648648649,
        "FDR": 0.2437095614665708,
        "FOR": 0.017970185828057993,
        "prevalence": 0.13552337892748811,
        "threat_score_CSI": 0.690741956664478,
        "informedness_J": 0.8436277141093427,
        "markedness_MK": 0.7383202527053712,
        "prevalence_threshold": 0.18351469152361236,
        "LR_plus": 19.794980267878497,
        "LR_minus": 0.11672581814503212,
        "DOR": 169.5852775543041
      },
      "class_1": {
        "TP": 29,
        "FP": 55,
        "FN": 590,
        "TN": 16799,
        "TPR_sensitivity": 0.046849757673667204,
        "TNR_specificity": 0.9967366797199478,
        "PPV_precision": 0.34523809523809523,
        "NPV": 0.9660705043418253,
        "FPR": 0.0032633202800522133,
        "FNR": 0.9531502423263328,
        "FDR": 0.6547619047619048,
        "FOR": 0.033929495658174706,
        "prevalence": 0.03542608596119728,
        "threat_score_CSI": 0.04302670623145401,
        "informedness_J": 0.04358643739361501,
        "markedness_MK": 0.3113085995799205,
        "prevalence_threshold": 0.20881215753329643,
        "LR_plus": 14.3564693787634,
        "LR_minus": 0.956270860418359,
        "DOR": 15.012973805855161
      },
      "class_2": {
        "TP": 9700,
        "FP": 1178,
        "FN": 1117,
        "TN": 5478,
        "TPR_sensitivity": 0.8967366182860312,
        "TNR_specificity": 0.8230168269230769,
        "PPV_precision": 0.8917080345651774,
        "NPV": 0.8306292645943897,
        "FPR": 0.17698317307692307,
        "FNR": 0.10326338171396875,
        "FDR": 0.10829196543482257,
        "FOR": 0.16937073540561032,
        "prevalence": 0.6190694213930064,
        "threat_score_CSI": 0.8086702792830346,
        "informedness_J": 0.7197534452091081,
        "markedness_MK": 0.7223372991595671,
        "prevalence_threshold": 0.30760209129684496,
        "LR_plus": 5.066790264271497,
        "LR_minus": 0.12546934441186128,
        "DOR": 40.38269497638745
      },
      "class_3": {
        "TP": 388,
        "FP": 246,
        "FN": 181,
        "TN": 16658,
        "TPR_sensitivity": 0.6818980667838312,
        "TNR_specificity": 0.985447231424515,
        "PPV_precision": 0.61198738170347,
        "NPV": 0.9892511431795237,
        "FPR": 0.014552768575485093,
        "FNR": 0.3181019332161687,
        "FDR": 0.38801261829652994,
        "FOR": 0.010748856820476275,
        "prevalence": 0.032564528129113486,
        "threat_score_CSI": 0.47607361963190187,
        "informedness_J": 0.6673452982083461,
        "markedness_MK": 0.6012385248829937,
        "prevalence_threshold": 0.12746627749004982,
        "LR_plus": 46.856930572820666,
        "LR_minus": 0.32279956051663555,
        "DOR": 145.1579751156628
      },
      "class_4": {
        "TP": 2452,
        "FP": 643,
        "FN": 648,
        "TN": 13730,
        "TPR_sensitivity": 0.7909677419354839,
        "TNR_specificity": 0.9552633409865721,
        "PPV_precision": 0.7922455573505655,
        "NPV": 0.9549311448045625,
        "FPR": 0.04473665901342796,
        "FNR": 0.20903225806451614,
        "FDR": 0.20775444264943457,
        "FOR": 0.04506885519543748,
        "prevalence": 0.17741658558919476,
        "threat_score_CSI": 0.6550895004007481,
        "informedness_J": 0.746231082922056,
        "markedness_MK": 0.7471767021551279,
        "prevalence_threshold": 0.19212953036254007,
        "LR_plus": 17.680527768022877,
        "LR_minus": 0.21882160561990463,
        "DOR": 80.79882111245512
      }
    },
    "specificity": 0.943115655929988,
    "FPR": 0.056884344070011826,
    "FNR": 0.3390068603614946,
    "FDR": 0.3205060985218526,
    "FOR": 0.05541762578155135,
    "PPV": 0.6794939014781474,
    "NPV": 0.9445823742184487,
    "prevalence": 0.2,
    "threat_score_CSI": 0.0,
    "informedness_J": 0.0,
    "markedness_MK": 0.0,
    "prevalence_threshold": 0.20390494964126873,
    "LR_plus": 20.751139650351387,
    "LR_minus": 0.3480174378223585,
    "DOR": 90.18754851293292,
    "MCC": 0.71496796907544,
    "cohens_kappa": 0.7139649685955408,
    "hamming_loss": 0.16024723859669204,
    "log_loss": 0.4291073699649624,
    "mean_prediction_entropy": 0.38368532061576843,
    "std_prediction_entropy": 0.37243613600730896,
    "auc_roc": 0.951169084013571,
    "num_samples": 17473,
    "num_classes": 5,
    "class_names": [
      "class_0",
      "class_1",
      "class_2",
      "class_3",
      "class_4"
    ],
    "val_loss": 0.4321056436339434,
    "best_epoch": 29
  },
  "duration_seconds": 3338.019184112549,
  "timestamp": "2026-03-16T13:35:17.776857"
}