{
  "experiment": "swin",
  "name": "Swin-Transformer",
  "config": {
    "type": "swin",
    "name": "Swin-Transformer"
  },
  "metrics": {
    "accuracy": 0.8461626509471757,
    "balanced_accuracy": 0.7163334879218728,
    "precision_macro": 0.6828961948110875,
    "precision_weighted": 0.847011498237614,
    "recall_macro": 0.7163334879218728,
    "recall_weighted": 0.8461626509471757,
    "f1_macro": 0.6957648560855371,
    "f1_weighted": 0.8455190109210584,
    "sensitivity": 0.7163334879218728,
    "confusion_matrix": [
      [
        2163,
        84,
        77,
        0,
        44
      ],
      [
        152,
        162,
        229,
        0,
        76
      ],
      [
        276,
        183,
        9602,
        337,
        419
      ],
      [
        0,
        0,
        153,
        416,
        0
      ],
      [
        78,
        71,
        509,
        0,
        2442
      ]
    ],
    "per_class_metrics": {
      "class_0": {
        "TP": 2163,
        "FP": 506,
        "FN": 205,
        "TN": 14599,
        "TPR_sensitivity": 0.9134290540540541,
        "TNR_specificity": 0.9665011585567693,
        "PPV_precision": 0.8104158860996628,
        "NPV": 0.9861523912456093,
        "FPR": 0.03349884144323072,
        "FNR": 0.08657094594594594,
        "FDR": 0.1895841139003372,
        "FOR": 0.013847608754390705,
        "prevalence": 0.13552337892748811,
        "threat_score_CSI": 0.7526096033402923,
        "informedness_J": 0.8799302126108235,
        "markedness_MK": 0.796568277345272,
        "prevalence_threshold": 0.16072448291048835,
        "LR_plus": 27.267481939696616,
        "LR_minus": 0.0895714869863356,
        "DOR": 304.4214499180565
      },
      "class_1": {
        "TP": 162,
        "FP": 338,
        "FN": 457,
        "TN": 16516,
        "TPR_sensitivity": 0.2617124394184168,
        "TNR_specificity": 0.9799454135516791,
        "PPV_precision": 0.324,
        "NPV": 0.9730748836387203,
        "FPR": 0.020054586448320873,
        "FNR": 0.7382875605815832,
        "FDR": 0.676,
        "FOR": 0.02692511636127968,
        "prevalence": 0.03542608596119728,
        "threat_score_CSI": 0.16927899686520376,
        "informedness_J": 0.2416578529700959,
        "markedness_MK": 0.29707488363872026,
        "prevalence_threshold": 0.216803156548873,
        "LR_plus": 13.05000430165088,
        "LR_minus": 0.7533966181909666,
        "DOR": 17.321559437028213
      },
      "class_2": {
        "TP": 9602,
        "FP": 968,
        "FN": 1215,
        "TN": 5688,
        "TPR_sensitivity": 0.8876768050291208,
        "TNR_specificity": 0.8545673076923077,
        "PPV_precision": 0.9084200567644276,
        "NPV": 0.8239895697522817,
        "FPR": 0.14543269230769232,
        "FNR": 0.11232319497087917,
        "FDR": 0.09157994323557238,
        "FOR": 0.1760104302477184,
        "prevalence": 0.6190694213930064,
        "threat_score_CSI": 0.8147645311837081,
        "informedness_J": 0.7422441127214285,
        "markedness_MK": 0.7324096265167093,
        "prevalence_threshold": 0.28813746116867706,
        "LR_plus": 6.103695056068004,
        "LR_minus": 0.1314386754089613,
        "DOR": 46.437588001224356
      },
      "class_3": {
        "TP": 416,
        "FP": 337,
        "FN": 153,
        "TN": 16567,
        "TPR_sensitivity": 0.7311072056239016,
        "TNR_specificity": 0.9800638902035022,
        "PPV_precision": 0.5524568393094289,
        "NPV": 0.9908492822966507,
        "FPR": 0.01993610979649787,
        "FNR": 0.2688927943760984,
        "FDR": 0.44754316069057104,
        "FOR": 0.009150717703349283,
        "prevalence": 0.032564528129113486,
        "threat_score_CSI": 0.45916114790286977,
        "informedness_J": 0.7111710958274038,
        "markedness_MK": 0.5433061216060797,
        "prevalence_threshold": 0.1417277093126207,
        "LR_plus": 36.67251099070158,
        "LR_minus": 0.27436251561137004,
        "DOR": 133.66443629875295
      },
      "class_4": {
        "TP": 2442,
        "FP": 539,
        "FN": 658,
        "TN": 13834,
        "TPR_sensitivity": 0.787741935483871,
        "TNR_specificity": 0.9624991303137828,
        "PPV_precision": 0.8191881918819188,
        "NPV": 0.9545956389732266,
        "FPR": 0.037500869686217214,
        "FNR": 0.21225806451612902,
        "FDR": 0.18081180811808117,
        "FOR": 0.04540436102677339,
        "prevalence": 0.17741658558919476,
        "threat_score_CSI": 0.6710634789777411,
        "informedness_J": 0.7502410657976537,
        "markedness_MK": 0.7737838308551455,
        "prevalence_threshold": 0.179107907171197,
        "LR_plus": 21.005964450296247,
        "LR_minus": 0.2205280585000956,
        "DOR": 95.25302400595497
      }
    },
    "specificity": 0.9487153800636083,
    "FPR": 0.051284619936391794,
    "FNR": 0.2836665120781271,
    "FDR": 0.3171038051889124,
    "FOR": 0.05426764681870229,
    "PPV": 0.6828961948110875,
    "NPV": 0.9457323531812978,
    "prevalence": 0.2,
    "threat_score_CSI": 0.0,
    "informedness_J": 0.0,
    "markedness_MK": 0.0,
    "prevalence_threshold": 0.1973001434223712,
    "LR_plus": 20.819931347682665,
    "LR_minus": 0.2938594709395458,
    "DOR": 119.4196115322034,
    "MCC": 0.7316141527517102,
    "cohens_kappa": 0.7311088820288727,
    "hamming_loss": 0.15383734905282437,
    "log_loss": 0.4235184643630975,
    "mean_prediction_entropy": 0.29247626662254333,
    "std_prediction_entropy": 0.33312901854515076,
    "auc_roc": 0.9591207096149237,
    "num_samples": 17473,
    "num_classes": 5,
    "class_names": [
      "class_0",
      "class_1",
      "class_2",
      "class_3",
      "class_4"
    ],
    "val_loss": 0.4262379950633014,
    "best_epoch": 11
  },
  "duration_seconds": 2944.481915473938,
  "timestamp": "2026-03-16T08:59:11.937381"
}