{
  "experiment": "swin",
  "name": "Swin-Transformer",
  "config": {
    "type": "swin",
    "name": "Swin-Transformer"
  },
  "metrics": {
    "accuracy": 0.6518056429920449,
    "balanced_accuracy": 0.7182224108620922,
    "precision_macro": 0.572464646340059,
    "precision_weighted": 0.8367590549108852,
    "recall_macro": 0.7182224108620922,
    "recall_weighted": 0.6518056429920449,
    "f1_macro": 0.5543091553785053,
    "f1_weighted": 0.7099098142045548,
    "sensitivity": 0.7182224108620922,
    "confusion_matrix": [
      [
        1760,
        561,
        23,
        5,
        19
      ],
      [
        124,
        383,
        53,
        0,
        59
      ],
      [
        231,
        1260,
        6803,
        2090,
        433
      ],
      [
        0,
        0,
        3,
        566,
        0
      ],
      [
        81,
        703,
        415,
        24,
        1877
      ]
    ],
    "per_class_metrics": {
      "class_0": {
        "TP": 1760,
        "FP": 436,
        "FN": 608,
        "TN": 14669,
        "TPR_sensitivity": 0.7432432432432432,
        "TNR_specificity": 0.971135385633896,
        "PPV_precision": 0.8014571948998178,
        "NPV": 0.9602016102637952,
        "FPR": 0.02886461436610394,
        "FNR": 0.25675675675675674,
        "FDR": 0.19854280510018216,
        "FOR": 0.03979838973620475,
        "prevalence": 0.13552337892748811,
        "threat_score_CSI": 0.6276747503566333,
        "informedness_J": 0.7143786288771392,
        "markedness_MK": 0.7616588051636131,
        "prevalence_threshold": 0.1646259756660119,
        "LR_plus": 25.749287131167865,
        "LR_minus": 0.2643882207928837,
        "DOR": 97.39196040560115
      },
      "class_1": {
        "TP": 383,
        "FP": 2524,
        "FN": 236,
        "TN": 14330,
        "TPR_sensitivity": 0.6187399030694669,
        "TNR_specificity": 0.8502432656936039,
        "PPV_precision": 0.13175094599243206,
        "NPV": 0.98379788548675,
        "FPR": 0.1497567343063961,
        "FNR": 0.38126009693053314,
        "FDR": 0.8682490540075679,
        "FOR": 0.016202114513250033,
        "prevalence": 0.03542608596119728,
        "threat_score_CSI": 0.12185809735921095,
        "informedness_J": 0.4689831687630708,
        "markedness_MK": 0.11554883147918193,
        "prevalence_threshold": 0.32974548930745273,
        "LR_plus": 4.131633251320442,
        "LR_minus": 0.4484129569900353,
        "DOR": 9.213902468505733
      },
      "class_2": {
        "TP": 6803,
        "FP": 494,
        "FN": 4014,
        "TN": 6162,
        "TPR_sensitivity": 0.6289174447628733,
        "TNR_specificity": 0.92578125,
        "PPV_precision": 0.9323009455940797,
        "NPV": 0.6055424528301887,
        "FPR": 0.07421875,
        "FNR": 0.37108255523712674,
        "FDR": 0.06769905440592024,
        "FOR": 0.3944575471698113,
        "prevalence": 0.6190694213930064,
        "threat_score_CSI": 0.6014499160109628,
        "informedness_J": 0.5546986947628731,
        "markedness_MK": 0.5378433984242683,
        "prevalence_threshold": 0.2556900472930792,
        "LR_plus": 8.473835045226082,
        "LR_minus": 0.4008317896232255,
        "DOR": 21.140626229250255
      },
      "class_3": {
        "TP": 566,
        "FP": 2119,
        "FN": 3,
        "TN": 14785,
        "TPR_sensitivity": 0.9947275922671354,
        "TNR_specificity": 0.8746450544249882,
        "PPV_precision": 0.21080074487895717,
        "NPV": 0.9997971328103868,
        "FPR": 0.12535494557501184,
        "FNR": 0.005272407732864675,
        "FDR": 0.7891992551210428,
        "FOR": 0.0002028671896131999,
        "prevalence": 0.032564528129113486,
        "threat_score_CSI": 0.2105654761904762,
        "informedness_J": 0.8693726466921237,
        "markedness_MK": 0.21059787768934402,
        "prevalence_threshold": 0.26198830179926147,
        "LR_plus": 7.935287975310833,
        "LR_minus": 0.006028054130290461,
        "DOR": 1316.3929526506213
      },
      "class_4": {
        "TP": 1877,
        "FP": 511,
        "FN": 1223,
        "TN": 13862,
        "TPR_sensitivity": 0.6054838709677419,
        "TNR_specificity": 0.9644472274403395,
        "PPV_precision": 0.7860134003350083,
        "NPV": 0.9189260855154127,
        "FPR": 0.035552772559660474,
        "FNR": 0.3945161290322581,
        "FDR": 0.21398659966499162,
        "FOR": 0.08107391448458734,
        "prevalence": 0.17741658558919476,
        "threat_score_CSI": 0.5198006092495153,
        "informedness_J": 0.5699310984080814,
        "markedness_MK": 0.704939485850421,
        "prevalence_threshold": 0.1950530360340305,
        "LR_plus": 17.030566883403825,
        "LR_minus": 0.40905932207334045,
        "DOR": 41.63348923839072
      }
    },
    "specificity": 0.9172504366385654,
    "FPR": 0.08274956336143446,
    "FNR": 0.28177758913790785,
    "FDR": 0.42753535365994094,
    "FOR": 0.10634696661869332,
    "PPV": 0.572464646340059,
    "NPV": 0.8936530333813067,
    "prevalence": 0.2,
    "threat_score_CSI": 0.0,
    "informedness_J": 0.0,
    "markedness_MK": 0.0,
    "prevalence_threshold": 0.24142057001996714,
    "LR_plus": 12.664122057285809,
    "LR_minus": 0.3057440687219551,
    "DOR": 297.1545861984738,
    "MCC": 0.5277650555323444,
    "cohens_kappa": 0.4948501490330294,
    "hamming_loss": 0.34819435700795515,
    "log_loss": 0.9562332632341799,
    "mean_prediction_entropy": 0.6092345118522644,
    "std_prediction_entropy": 0.3395191729068756,
    "auc_roc": 0.9236718683011457,
    "num_samples": 17473,
    "num_classes": 5,
    "class_names": [
      "class_0",
      "class_1",
      "class_2",
      "class_3",
      "class_4"
    ],
    "val_loss": 0.8553651712671684,
    "best_epoch": 5
  },
  "duration_seconds": 30284.969509601593,
  "timestamp": "2026-05-28T13:19:01.952594"
}