{
  "experiment": "swin",
  "name": "Swin-Transformer",
  "config": {
    "type": "swin",
    "name": "Swin-Transformer"
  },
  "metrics": {
    "accuracy": 0.8399816860298747,
    "balanced_accuracy": 0.7254037097060974,
    "precision_macro": 0.6897515373474223,
    "precision_weighted": 0.8472737936378172,
    "recall_macro": 0.7254037097060974,
    "recall_weighted": 0.8399816860298747,
    "f1_macro": 0.6981959293188611,
    "f1_weighted": 0.8414216743781634,
    "sensitivity": 0.7254037097060974,
    "confusion_matrix": [
      [
        1926,
        158,
        253,
        0,
        31
      ],
      [
        79,
        187,
        307,
        0,
        46
      ],
      [
        133,
        185,
        9734,
        456,
        309
      ],
      [
        0,
        0,
        82,
        487,
        0
      ],
      [
        34,
        87,
        636,
        0,
        2343
      ]
    ],
    "per_class_metrics": {
      "class_0": {
        "TP": 1926,
        "FP": 246,
        "FN": 442,
        "TN": 14859,
        "TPR_sensitivity": 0.8133445945945946,
        "TNR_specificity": 0.9837140019860973,
        "PPV_precision": 0.8867403314917127,
        "NPV": 0.9711129991503823,
        "FPR": 0.01628599801390268,
        "FNR": 0.1866554054054054,
        "FDR": 0.1132596685082873,
        "FOR": 0.02888700084961767,
        "prevalence": 0.13552337892748811,
        "threat_score_CSI": 0.7368018362662586,
        "informedness_J": 0.7970585965806918,
        "markedness_MK": 0.857853330642095,
        "prevalence_threshold": 0.1239630669369677,
        "LR_plus": 49.941341875412,
        "LR_minus": 0.18974560190111373,
        "DOR": 263.2015781922525
      },
      "class_1": {
        "TP": 187,
        "FP": 430,
        "FN": 432,
        "TN": 16424,
        "TPR_sensitivity": 0.30210016155088854,
        "TNR_specificity": 0.9744867687195918,
        "PPV_precision": 0.30307941653160453,
        "NPV": 0.9743711438063598,
        "FPR": 0.02551323128040821,
        "FNR": 0.6978998384491115,
        "FDR": 0.6969205834683955,
        "FOR": 0.025628856193640248,
        "prevalence": 0.03542608596119728,
        "threat_score_CSI": 0.1782650142993327,
        "informedness_J": 0.2765869302704804,
        "markedness_MK": 0.27745056033796445,
        "prevalence_threshold": 0.2251712670054655,
        "LR_plus": 11.84092121576436,
        "LR_minus": 0.7161716924757261,
        "DOR": 16.533634797588284
      },
      "class_2": {
        "TP": 9734,
        "FP": 1278,
        "FN": 1083,
        "TN": 5378,
        "TPR_sensitivity": 0.8998798188037349,
        "TNR_specificity": 0.8079927884615384,
        "PPV_precision": 0.8839447875045405,
        "NPV": 0.8323788887169169,
        "FPR": 0.19200721153846154,
        "FNR": 0.10012018119626513,
        "FDR": 0.1160552124954595,
        "FOR": 0.1676211112830831,
        "prevalence": 0.6190694213930064,
        "threat_score_CSI": 0.8047953699875982,
        "informedness_J": 0.7078726072652732,
        "markedness_MK": 0.7163236762214575,
        "prevalence_threshold": 0.3159679164333955,
        "LR_plus": 4.686698023441048,
        "LR_minus": 0.12391222127972122,
        "DOR": 37.822726241515994
      },
      "class_3": {
        "TP": 487,
        "FP": 456,
        "FN": 82,
        "TN": 16448,
        "TPR_sensitivity": 0.8558875219683656,
        "TNR_specificity": 0.9730241362991008,
        "PPV_precision": 0.5164369034994698,
        "NPV": 0.9950393224440411,
        "FPR": 0.026975863700899196,
        "FNR": 0.14411247803163443,
        "FDR": 0.4835630965005302,
        "FOR": 0.004960677555958862,
        "prevalence": 0.032564528129113486,
        "threat_score_CSI": 0.4751219512195122,
        "informedness_J": 0.8289116582674665,
        "markedness_MK": 0.511476225943511,
        "prevalence_threshold": 0.1507669706891121,
        "LR_plus": 31.72790059507292,
        "LR_minus": 0.14810781424165542,
        "DOR": 214.22165169020116
      },
      "class_4": {
        "TP": 2343,
        "FP": 386,
        "FN": 757,
        "TN": 13987,
        "TPR_sensitivity": 0.7558064516129033,
        "TNR_specificity": 0.9731440896124678,
        "PPV_precision": 0.8585562477097838,
        "NPV": 0.9486570808464461,
        "FPR": 0.026855910387532177,
        "FNR": 0.24419354838709678,
        "FDR": 0.1414437522902162,
        "FOR": 0.05134291915355399,
        "prevalence": 0.17741658558919476,
        "threat_score_CSI": 0.6721170395869192,
        "informedness_J": 0.728950541225371,
        "markedness_MK": 0.8072133285562297,
        "prevalence_threshold": 0.15860429165777976,
        "LR_plus": 28.143021059669067,
        "LR_minus": 0.2509325710279361,
        "DOR": 112.1537190026078
      }
    },
    "specificity": 0.9424723570157593,
    "FPR": 0.057527642984240755,
    "FNR": 0.27459629029390265,
    "FDR": 0.3102484626525777,
    "FOR": 0.05568811300717078,
    "PPV": 0.6897515373474223,
    "NPV": 0.9443118869928291,
    "prevalence": 0.2,
    "threat_score_CSI": 0.0,
    "informedness_J": 0.0,
    "markedness_MK": 0.0,
    "prevalence_threshold": 0.1948947025445441,
    "LR_plus": 25.267976553871883,
    "LR_minus": 0.2857739801852305,
    "DOR": 128.78666198483313,
    "MCC": 0.7161594064667945,
    "cohens_kappa": 0.715411581821969,
    "hamming_loss": 0.16001831397012534,
    "log_loss": 0.41781644529361495,
    "mean_prediction_entropy": 0.34288716316223145,
    "std_prediction_entropy": 0.34169647097587585,
    "auc_roc": 0.9609920303507146,
    "num_samples": 17473,
    "num_classes": 5,
    "class_names": [
      "class_0",
      "class_1",
      "class_2",
      "class_3",
      "class_4"
    ],
    "val_loss": 0.41917309170439293,
    "best_epoch": 9
  },
  "duration_seconds": 1998.8200869560242,
  "timestamp": "2026-03-10T09:25:20.195133"
}