{
  "experiment": "quantum_ring_RXZ",
  "name": "Quantum-ring-RXZ",
  "config": {
    "type": "quantum",
    "entanglement": "ring",
    "rotation": "RXZ",
    "name": "Quantum-ring-RXZ"
  },
  "metrics": {
    "accuracy": 0.8371201281977909,
    "balanced_accuracy": 0.6821153804190292,
    "precision_macro": 0.6779931641071026,
    "precision_weighted": 0.8304218481090249,
    "recall_macro": 0.6821153804190292,
    "recall_weighted": 0.8371201281977909,
    "f1_macro": 0.6594217613280362,
    "f1_weighted": 0.8297071596811512,
    "sensitivity": 0.6821153804190292,
    "confusion_matrix": [
      [
        2085,
        41,
        175,
        0,
        67
      ],
      [
        192,
        60,
        245,
        0,
        122
      ],
      [
        360,
        39,
        9567,
        333,
        518
      ],
      [
        0,
        0,
        145,
        424,
        0
      ],
      [
        79,
        16,
        514,
        0,
        2491
      ]
    ],
    "per_class_metrics": {
      "class_0": {
        "TP": 2085,
        "FP": 631,
        "FN": 283,
        "TN": 14474,
        "TPR_sensitivity": 0.8804898648648649,
        "TNR_specificity": 0.9582257530619,
        "PPV_precision": 0.7676730486008837,
        "NPV": 0.9808226604323372,
        "FPR": 0.04177424693809997,
        "FNR": 0.11951013513513513,
        "FDR": 0.23232695139911635,
        "FOR": 0.019177339567662804,
        "prevalence": 0.13552337892748811,
        "threat_score_CSI": 0.6952317439146383,
        "informedness_J": 0.838715617926765,
        "markedness_MK": 0.7484957090332209,
        "prevalence_threshold": 0.1788586865525424,
        "LR_plus": 21.077336622478263,
        "LR_minus": 0.12472022876994722,
        "DOR": 168.99693682695593
      },
      "class_1": {
        "TP": 60,
        "FP": 96,
        "FN": 559,
        "TN": 16758,
        "TPR_sensitivity": 0.09693053311793215,
        "TNR_specificity": 0.9943040227839088,
        "PPV_precision": 0.38461538461538464,
        "NPV": 0.9677195819137264,
        "FPR": 0.005695977216091136,
        "FNR": 0.9030694668820679,
        "FDR": 0.6153846153846154,
        "FOR": 0.032280418086273605,
        "prevalence": 0.03542608596119728,
        "threat_score_CSI": 0.08391608391608392,
        "informedness_J": 0.09123455590184104,
        "markedness_MK": 0.3523349665291111,
        "prevalence_threshold": 0.1951139139639631,
        "LR_plus": 17.01736672051696,
        "LR_minus": 0.908242797161378,
        "DOR": 18.7365831842576
      },
      "class_2": {
        "TP": 9567,
        "FP": 1079,
        "FN": 1250,
        "TN": 5577,
        "TPR_sensitivity": 0.8844411574373671,
        "TNR_specificity": 0.837890625,
        "PPV_precision": 0.8986473792973887,
        "NPV": 0.8169034715101802,
        "FPR": 0.162109375,
        "FNR": 0.1155588425626329,
        "FDR": 0.1013526207026113,
        "FOR": 0.18309652848981983,
        "prevalence": 0.6190694213930064,
        "threat_score_CSI": 0.8042199058507061,
        "informedness_J": 0.722331782437367,
        "markedness_MK": 0.7155508508075688,
        "prevalence_threshold": 0.2997807005674244,
        "LR_plus": 5.455829790457011,
        "LR_minus": 0.13791638086729147,
        "DOR": 39.5589686746988
      },
      "class_3": {
        "TP": 424,
        "FP": 333,
        "FN": 145,
        "TN": 16571,
        "TPR_sensitivity": 0.7451669595782073,
        "TNR_specificity": 0.9803005205868434,
        "PPV_precision": 0.560105680317041,
        "NPV": 0.9913256759990429,
        "FPR": 0.01969947941315665,
        "FNR": 0.2548330404217926,
        "FDR": 0.43989431968295906,
        "FOR": 0.008674324000957167,
        "prevalence": 0.032564528129113486,
        "threat_score_CSI": 0.4700665188470067,
        "informedness_J": 0.7254674801650507,
        "markedness_MK": 0.5514313563160838,
        "prevalence_threshold": 0.1398534076399861,
        "LR_plus": 37.82673358771777,
        "LR_minus": 0.259953998870918,
        "DOR": 145.5131821476649
      },
      "class_4": {
        "TP": 2491,
        "FP": 707,
        "FN": 609,
        "TN": 13666,
        "TPR_sensitivity": 0.8035483870967742,
        "TNR_specificity": 0.9508105475544424,
        "PPV_precision": 0.7789243277048155,
        "NPV": 0.957338003502627,
        "FPR": 0.04918945244555764,
        "FNR": 0.1964516129032258,
        "FDR": 0.2210756722951845,
        "FOR": 0.04266199649737303,
        "prevalence": 0.17741658558919476,
        "threat_score_CSI": 0.654320987654321,
        "informedness_J": 0.7543589346512167,
        "markedness_MK": 0.7362623312074423,
        "prevalence_threshold": 0.19834361823315802,
        "LR_plus": 16.335786375872612,
        "LR_minus": 0.20661488601332242,
        "DOR": 79.06393721708555
      }
    },
    "specificity": 0.944306293797419,
    "FPR": 0.05569370620258107,
    "FNR": 0.3178846195809709,
    "FDR": 0.32200683589289736,
    "FOR": 0.057178121328417285,
    "PPV": 0.6779931641071026,
    "NPV": 0.9428218786715827,
    "prevalence": 0.2,
    "threat_score_CSI": 0.0,
    "informedness_J": 0.0,
    "markedness_MK": 0.0,
    "prevalence_threshold": 0.2023900653914148,
    "LR_plus": 19.542610619408524,
    "LR_minus": 0.3274896583365714,
    "DOR": 90.37392161013256,
    "MCC": 0.71386043684063,
    "cohens_kappa": 0.7130107972303645,
    "hamming_loss": 0.16287987180220911,
    "log_loss": 0.4333348277025252,
    "mean_prediction_entropy": 0.38966360688209534,
    "std_prediction_entropy": 0.36612674593925476,
    "auc_roc": 0.9518683110971262,
    "num_samples": 17473,
    "num_classes": 5,
    "class_names": [
      "class_0",
      "class_1",
      "class_2",
      "class_3",
      "class_4"
    ],
    "val_loss": 0.43665774329735413,
    "best_epoch": 29
  },
  "duration_seconds": 3346.8840696811676,
  "timestamp": "2026-03-16T14:31:05.051357"
}