{
  "experiment": "quantum_ring_RYZ",
  "name": "Quantum-ring-RYZ",
  "config": {
    "type": "quantum",
    "entanglement": "ring",
    "rotation": "RYZ",
    "name": "Quantum-ring-RYZ"
  },
  "metrics": {
    "accuracy": 0.8324844045098151,
    "balanced_accuracy": 0.664294929012411,
    "precision_macro": 0.7276549137453531,
    "precision_weighted": 0.8324042986698389,
    "recall_macro": 0.664294929012411,
    "recall_weighted": 0.8324844045098151,
    "f1_macro": 0.6254044584273828,
    "f1_weighted": 0.8193553432268698,
    "sensitivity": 0.664294929012411,
    "confusion_matrix": [
      [
        2117,
        1,
        197,
        0,
        53
      ],
      [
        215,
        2,
        289,
        0,
        113
      ],
      [
        385,
        0,
        9591,
        361,
        480
      ],
      [
        0,
        0,
        135,
        434,
        0
      ],
      [
        106,
        0,
        592,
        0,
        2402
      ]
    ],
    "per_class_metrics": {
      "class_0": {
        "TP": 2117,
        "FP": 706,
        "FN": 251,
        "TN": 14399,
        "TPR_sensitivity": 0.8940033783783784,
        "TNR_specificity": 0.9532605097649784,
        "PPV_precision": 0.7499114417286574,
        "NPV": 0.9828668941979523,
        "FPR": 0.04673949023502152,
        "FNR": 0.10599662162162163,
        "FDR": 0.2500885582713425,
        "FOR": 0.01713310580204778,
        "prevalence": 0.13552337892748811,
        "threat_score_CSI": 0.6886792452830188,
        "informedness_J": 0.847263888143357,
        "markedness_MK": 0.7327783359266098,
        "prevalence_threshold": 0.18609898198711808,
        "LR_plus": 19.127366898591227,
        "LR_minus": 0.11119376134416242,
        "DOR": 172.01834587993633
      },
      "class_1": {
        "TP": 2,
        "FP": 1,
        "FN": 617,
        "TN": 16853,
        "TPR_sensitivity": 0.0032310177705977385,
        "TNR_specificity": 0.9999406669039991,
        "PPV_precision": 0.6666666666666666,
        "NPV": 0.9646823125357756,
        "FPR": 5.933309600094933e-05,
        "FNR": 0.9967689822294022,
        "FDR": 0.3333333333333333,
        "FOR": 0.03531768746422438,
        "prevalence": 0.03542608596119728,
        "threat_score_CSI": 0.0032258064516129032,
        "informedness_J": 0.003171684674596831,
        "markedness_MK": 0.6313489792024423,
        "prevalence_threshold": 0.11934025876877608,
        "LR_plus": 54.45557350565428,
        "LR_minus": 0.9968281271283655,
        "DOR": 54.62884927066451
      },
      "class_2": {
        "TP": 9591,
        "FP": 1213,
        "FN": 1226,
        "TN": 5443,
        "TPR_sensitivity": 0.8866598872145697,
        "TNR_specificity": 0.8177584134615384,
        "PPV_precision": 0.8877267678637542,
        "NPV": 0.8161643424801319,
        "FPR": 0.18224158653846154,
        "FNR": 0.11334011278543034,
        "FDR": 0.11227323213624583,
        "FOR": 0.18383565751986805,
        "prevalence": 0.6190694213930064,
        "threat_score_CSI": 0.7972568578553616,
        "informedness_J": 0.704418300676108,
        "markedness_MK": 0.7038911103438861,
        "prevalence_threshold": 0.3119402255759554,
        "LR_plus": 4.865299430585471,
        "LR_minus": 0.13859852851365503,
        "DOR": 35.10354318160117
      },
      "class_3": {
        "TP": 434,
        "FP": 361,
        "FN": 135,
        "TN": 16543,
        "TPR_sensitivity": 0.7627416520210897,
        "TNR_specificity": 0.9786441079034548,
        "PPV_precision": 0.5459119496855346,
        "NPV": 0.9919055042571052,
        "FPR": 0.021355892096545197,
        "FNR": 0.23725834797891038,
        "FDR": 0.4540880503144654,
        "FOR": 0.008094495742894831,
        "prevalence": 0.032564528129113486,
        "threat_score_CSI": 0.4666666666666667,
        "informedness_J": 0.7413857599245444,
        "markedness_MK": 0.5378174539426399,
        "prevalence_threshold": 0.1433431713046731,
        "LR_plus": 35.715747605995844,
        "LR_minus": 0.24243578034428465,
        "DOR": 147.3204473171232
      },
      "class_4": {
        "TP": 2402,
        "FP": 646,
        "FN": 698,
        "TN": 13727,
        "TPR_sensitivity": 0.7748387096774193,
        "TNR_specificity": 0.955054616294441,
        "PPV_precision": 0.7880577427821522,
        "NPV": 0.9516117850953206,
        "FPR": 0.04494538370555903,
        "FNR": 0.22516129032258064,
        "FDR": 0.21194225721784776,
        "FOR": 0.04838821490467938,
        "prevalence": 0.17741658558919476,
        "threat_score_CSI": 0.6412172984516817,
        "informedness_J": 0.7298933259718603,
        "markedness_MK": 0.739669527877473,
        "prevalence_threshold": 0.19409730296048197,
        "LR_plus": 17.23956156995905,
        "LR_minus": 0.2357575016978547,
        "DOR": 73.12412731643705
      }
    },
    "specificity": 0.9409316628656823,
    "FPR": 0.05906833713431765,
    "FNR": 0.335705070987589,
    "FDR": 0.272345086254647,
    "FOR": 0.05855383228674289,
    "PPV": 0.7276549137453531,
    "NPV": 0.9414461677132572,
    "prevalence": 0.2,
    "threat_score_CSI": 0.0,
    "informedness_J": 0.0,
    "markedness_MK": 0.0,
    "prevalence_threshold": 0.1909639881194009,
    "LR_plus": 26.280709802157173,
    "LR_minus": 0.3449627398056645,
    "DOR": 96.43906259315246,
    "MCC": 0.7037161448034618,
    "cohens_kappa": 0.702396404652554,
    "hamming_loss": 0.16751559549018485,
    "log_loss": 0.43834861666109165,
    "mean_prediction_entropy": 0.38495934009552,
    "std_prediction_entropy": 0.36580783128738403,
    "auc_roc": 0.951324371442929,
    "num_samples": 17473,
    "num_classes": 5,
    "class_names": [
      "class_0",
      "class_1",
      "class_2",
      "class_3",
      "class_4"
    ],
    "val_loss": 0.44185545741424076,
    "best_epoch": 26
  },
  "duration_seconds": 3331.7887020111084,
  "timestamp": "2026-03-16T15:26:37.225740"
}