epoch,train_loss,train_acc,val_loss,val_acc,val_f1,val_auc,val_precision,val_recall,val_specificity,val_sensitivity,lr
0,1.325677975099914,39.240438904868434,1.0976169217024407,62.09580495621817,0.4674270985658901,0.8681016548482423,0.5046022115819159,0.5431507630918719,0.8849837093032512,0.5431507630918719,0.00033106575963718824
1,1.0152370568846358,53.69660168317886,0.9140966222451551,64.63114519544439,0.5371875552034509,0.8926990215229023,0.5090108444940281,0.6859661853491564,0.9103955478026918,0.6859661853491564,0.0006643990929705216
2,0.8636537930186914,62.42143389794396,0.866417934098383,68.59154123504835,0.5528158404393971,0.9179341763078804,0.5462180794308221,0.6759149384030684,0.9213810089602654,0.6759149384030684,0.000997732426303855
3,0.7905327262116127,67.38574624480665,0.8227829389328504,64.53957534481772,0.5404913792723596,0.9224770285424853,0.5534842328721307,0.7029533735146062,0.9176220978187832,0.7029533735146062,0.000997732426303855
4,0.6254951921450037,74.08650260999254,0.8553651712671684,65.18056429920449,0.5543091553785053,0.9236718683011457,0.572464646340059,0.7182224108620922,0.9172504366385654,0.7182224108620922,0.0004988662131519275
