{
  "experiment": "quantum_ring_RX",
  "name": "Quantum-ring-RX",
  "config": {
    "type": "quantum",
    "entanglement": "ring",
    "rotation": "RX",
    "name": "Quantum-ring-RX"
  },
  "metrics": {
    "accuracy": 0.8197218565787214,
    "balanced_accuracy": 0.6306952574399867,
    "precision_macro": 0.602521653879984,
    "precision_weighted": 0.7964212619951727,
    "recall_macro": 0.6306952574399867,
    "recall_weighted": 0.8197218565787214,
    "f1_macro": 0.6142619413655901,
    "f1_weighted": 0.8064559618411744,
    "sensitivity": 0.6306952574399867,
    "confusion_matrix": [
      [
        2028,
        0,
        267,
        0,
        73
      ],
      [
        233,
        0,
        255,
        0,
        131
      ],
      [
        376,
        0,
        9385,
        161,
        895
      ],
      [
        0,
        0,
        227,
        342,
        0
      ],
      [
        83,
        0,
        449,
        0,
        2568
      ]
    ],
    "per_class_metrics": {
      "class_0": {
        "TP": 2028,
        "FP": 692,
        "FN": 340,
        "TN": 14413,
        "TPR_sensitivity": 0.856418918918919,
        "TNR_specificity": 0.9541873551804039,
        "PPV_precision": 0.7455882352941177,
        "NPV": 0.9769538398969702,
        "FPR": 0.04581264481959616,
        "FNR": 0.14358108108108109,
        "FDR": 0.25441176470588234,
        "FOR": 0.023046160103029893,
        "prevalence": 0.13552337892748811,
        "threat_score_CSI": 0.6627450980392157,
        "informedness_J": 0.8106062740993227,
        "markedness_MK": 0.7225420751910878,
        "prevalence_threshold": 0.18784107933567631,
        "LR_plus": 18.693941864552414,
        "LR_minus": 0.15047472627001524,
        "DOR": 124.23310098605917
      },
      "class_1": {
        "TP": 0,
        "FP": 0,
        "FN": 619,
        "TN": 16854,
        "TPR_sensitivity": 0.0,
        "TNR_specificity": 1.0,
        "PPV_precision": 0.0,
        "NPV": 0.9645739140388028,
        "FPR": 0.0,
        "FNR": 1.0,
        "FDR": 0.0,
        "FOR": 0.03542608596119728,
        "prevalence": 0.03542608596119728,
        "threat_score_CSI": 0.0,
        "informedness_J": 0.0,
        "markedness_MK": -0.03542608596119723,
        "prevalence_threshold": 0.5,
        "LR_plus": Infinity,
        "LR_minus": 1.0,
        "DOR": Infinity
      },
      "class_2": {
        "TP": 9385,
        "FP": 1198,
        "FN": 1432,
        "TN": 5458,
        "TPR_sensitivity": 0.8676157899602478,
        "TNR_specificity": 0.8200120192307693,
        "PPV_precision": 0.8867995842388736,
        "NPV": 0.7921625544267054,
        "FPR": 0.17998798076923078,
        "FNR": 0.13238421003975223,
        "FDR": 0.11320041576112634,
        "FOR": 0.20783744557329464,
        "prevalence": 0.6190694213930064,
        "threat_score_CSI": 0.7811069496462755,
        "informedness_J": 0.6876278091910171,
        "markedness_MK": 0.6789621386655789,
        "prevalence_threshold": 0.3129358490966546,
        "LR_plus": 4.820409597642245,
        "LR_minus": 0.16144179223609212,
        "DOR": 29.858499034704028
      },
      "class_3": {
        "TP": 342,
        "FP": 161,
        "FN": 227,
        "TN": 16743,
        "TPR_sensitivity": 0.6010544815465729,
        "TNR_specificity": 0.9904756270705158,
        "PPV_precision": 0.679920477137177,
        "NPV": 0.9866234531526222,
        "FPR": 0.009524372929484146,
        "FNR": 0.3989455184534271,
        "FDR": 0.32007952286282304,
        "FOR": 0.013376546847377725,
        "prevalence": 0.032564528129113486,
        "threat_score_CSI": 0.4684931506849315,
        "informedness_J": 0.5915301086170888,
        "markedness_MK": 0.6665439302897993,
        "prevalence_threshold": 0.1118069148476949,
        "LR_plus": 63.1069873047408,
        "LR_minus": 0.40278176216548595,
        "DOR": 156.6778668563767
      },
      "class_4": {
        "TP": 2568,
        "FP": 1099,
        "FN": 532,
        "TN": 13274,
        "TPR_sensitivity": 0.8283870967741935,
        "TNR_specificity": 0.923537187782648,
        "PPV_precision": 0.7002999727297519,
        "NPV": 0.9614660292626395,
        "FPR": 0.07646281221735197,
        "FNR": 0.17161290322580644,
        "FDR": 0.29970002727024814,
        "FOR": 0.03853397073736057,
        "prevalence": 0.17741658558919476,
        "threat_score_CSI": 0.6115741843296023,
        "informedness_J": 0.7519242845568415,
        "markedness_MK": 0.6617660019923912,
        "prevalence_threshold": 0.23301971688247428,
        "LR_plus": 10.833855998121459,
        "LR_minus": 0.18582132424774114,
        "DOR": 58.30254434995587
      }
    },
    "specificity": 0.9376424378528674,
    "FPR": 0.0623575621471326,
    "FNR": 0.36930474256001344,
    "FDR": 0.19747834612001597,
    "FOR": 0.06364404184445202,
    "PPV": 0.602521653879984,
    "NPV": 0.936355958155548,
    "prevalence": 0.2,
    "threat_score_CSI": 0.0,
    "informedness_J": 0.0,
    "markedness_MK": 0.0,
    "prevalence_threshold": 0.2691207120325,
    "LR_plus": 24.36379869126423,
    "LR_minus": 0.3801039209838669,
    "DOR": 92.26800280677395,
    "MCC": 0.6831163981515139,
    "cohens_kappa": 0.6813610845001126,
    "hamming_loss": 0.18027814342127854,
    "log_loss": 0.4725196086543016,
    "mean_prediction_entropy": 0.4855470657348633,
    "std_prediction_entropy": 0.36253947019577026,
    "auc_roc": 0.9413768581952004,
    "num_samples": 17473,
    "num_classes": 5,
    "class_names": [
      "class_0",
      "class_1",
      "class_2",
      "class_3",
      "class_4"
    ],
    "val_loss": 0.47555672828733486,
    "best_epoch": 10
  },
  "duration_seconds": 1371.8694801330566,
  "timestamp": "2026-03-16T11:21:37.351556"
}