epoch,train_loss,train_acc,val_loss,val_acc,val_f1,val_auc,val_precision,val_recall,val_specificity,val_sensitivity,lr
0,0.6254279046113255,75.7565628469445,0.4757464516119365,82.87643793281062,0.6171348376604779,0.9415064739911572,0.6716976889682382,0.6304359502847309,0.9435578699436789,0.6304359502847309,0.000332824427480916
1,0.4541942163733126,82.24957322095814,0.5096980860307269,81.35408916614205,0.5992726115003417,0.9481692054453541,0.71565646747074,0.562371868683826,0.922318163473566,0.562371868683826,0.0006661577608142494
2,0.4168734665817887,83.84566714816097,0.5052001979337991,80.45556000686774,0.5777583565863182,0.9476704026348053,0.7158705701755322,0.5817954623640037,0.939286563340042,0.5817954623640037,0.0009994910941475827
3,0.3883629681272361,84.9427578879511,0.4320383228524758,82.97945401476564,0.6903425918952162,0.9566927053855251,0.6670708971946605,0.7304557494023014,0.9460426035613164,0.7304557494023014,0.0009994910941475827
4,0.35017796174715493,86.35023338546206,0.43412310657274983,82.45865048932639,0.6615942351722351,0.9597905117775752,0.7125102957152271,0.6317621608375728,0.9255041949223163,0.6317621608375728,0.0009961119935382127
5,0.32689455820403934,87.31600749698569,0.41672040565605584,84.47891031877755,0.6760838267768869,0.9593261541619746,0.6807746415175928,0.6996464609885409,0.9498389715623704,0.6996464609885409,0.0009860203882490518
6,0.30612689829964673,87.99407881385271,0.42934684819766206,83.76352086075659,0.6174493879161819,0.9580602804004343,0.7318209112120923,0.6039863211115877,0.9445989184324339,0.6039863211115877,0.0009693527499296499
7,0.2930202183150153,88.57664712834409,0.5171741774156146,80.4097750815544,0.6429105925585376,0.9531952079998046,0.6647824945411143,0.6517971136062349,0.9222190410716401,0.6517971136062349,0.0009463344797952117
8,0.27529847558218107,89.17354089319183,0.4017127282428045,85.07983746351513,0.6823693521065033,0.9608207533063287,0.697009872815007,0.6840005255091447,0.9524298843464335,0.6840005255091447,0.0009172768604618339
