{
  "experiment": "quantum_ring_RY",
  "name": "Quantum-ring-RY",
  "config": {
    "type": "quantum",
    "entanglement": "ring",
    "rotation": "RY",
    "name": "Quantum-ring-RY"
  },
  "metrics": {
    "accuracy": 0.8341441080524238,
    "balanced_accuracy": 0.6696601204430008,
    "precision_macro": 0.6964172426505753,
    "precision_weighted": 0.8294665654783043,
    "recall_macro": 0.6696601204430008,
    "recall_weighted": 0.8341441080524238,
    "f1_macro": 0.63158809378702,
    "f1_weighted": 0.8216657100954264,
    "sensitivity": 0.6696601204430008,
    "confusion_matrix": [
      [
        2169,
        2,
        143,
        0,
        54
      ],
      [
        246,
        7,
        258,
        0,
        108
      ],
      [
        442,
        1,
        9547,
        326,
        501
      ],
      [
        0,
        0,
        138,
        431,
        0
      ],
      [
        108,
        4,
        567,
        0,
        2421
      ]
    ],
    "per_class_metrics": {
      "class_0": {
        "TP": 2169,
        "FP": 796,
        "FN": 199,
        "TN": 14309,
        "TPR_sensitivity": 0.9159628378378378,
        "TNR_specificity": 0.9473022178086726,
        "PPV_precision": 0.7315345699831366,
        "NPV": 0.9862834298318169,
        "FPR": 0.052697782191327376,
        "FNR": 0.08403716216216216,
        "FDR": 0.2684654300168634,
        "FOR": 0.01371657016818307,
        "prevalence": 0.13552337892748811,
        "threat_score_CSI": 0.6855246523388117,
        "informedness_J": 0.8632650556465105,
        "markedness_MK": 0.7178179998149536,
        "prevalence_threshold": 0.19345711483798678,
        "LR_plus": 17.381430484347412,
        "LR_minus": 0.08871209270105943,
        "DOR": 195.93079088911898
      },
      "class_1": {
        "TP": 7,
        "FP": 7,
        "FN": 612,
        "TN": 16847,
        "TPR_sensitivity": 0.011308562197092083,
        "TNR_specificity": 0.9995846683279933,
        "PPV_precision": 0.5,
        "NPV": 0.9649464459591042,
        "FPR": 0.00041533167200664533,
        "FNR": 0.9886914378029079,
        "FDR": 0.5,
        "FOR": 0.035053554040895815,
        "prevalence": 0.03542608596119728,
        "threat_score_CSI": 0.011182108626198083,
        "informedness_J": 0.010893230525085285,
        "markedness_MK": 0.46494644595910417,
        "prevalence_threshold": 0.16082276469731008,
        "LR_plus": 27.22778675282714,
        "LR_minus": 0.9891022432913997,
        "DOR": 27.527777777777775
      },
      "class_2": {
        "TP": 9547,
        "FP": 1106,
        "FN": 1270,
        "TN": 5550,
        "TPR_sensitivity": 0.882592215956365,
        "TNR_specificity": 0.8338341346153846,
        "PPV_precision": 0.8961794799586971,
        "NPV": 0.8137829912023461,
        "FPR": 0.1661658653846154,
        "FNR": 0.11740778404363501,
        "FDR": 0.10382052004130292,
        "FOR": 0.18621700879765396,
        "prevalence": 0.6190694213930064,
        "threat_score_CSI": 0.8007212949760966,
        "informedness_J": 0.7164263505717496,
        "markedness_MK": 0.709962471161043,
        "prevalence_threshold": 0.3026018852675167,
        "LR_plus": 5.3115133719760985,
        "LR_minus": 0.14080472262962787,
        "DOR": 37.722551295012174
      },
      "class_3": {
        "TP": 431,
        "FP": 326,
        "FN": 138,
        "TN": 16578,
        "TPR_sensitivity": 0.7574692442882249,
        "TNR_specificity": 0.9807146237576905,
        "PPV_precision": 0.5693527080581242,
        "NPV": 0.9917444364680545,
        "FPR": 0.019285376242309513,
        "FNR": 0.24253075571177504,
        "FDR": 0.43064729194187584,
        "FOR": 0.008255563531945441,
        "prevalence": 0.032564528129113486,
        "threat_score_CSI": 0.48156424581005586,
        "informedness_J": 0.7381838680459154,
        "markedness_MK": 0.5610971445261788,
        "prevalence_threshold": 0.1376059758682299,
        "LR_plus": 39.27687148910477,
        "LR_minus": 0.24730002983181598,
        "DOR": 158.82275273406242
      },
      "class_4": {
        "TP": 2421,
        "FP": 663,
        "FN": 679,
        "TN": 13710,
        "TPR_sensitivity": 0.7809677419354839,
        "TNR_specificity": 0.9538718430390315,
        "PPV_precision": 0.7850194552529183,
        "NPV": 0.9528111752032803,
        "FPR": 0.04612815696096848,
        "FNR": 0.21903225806451612,
        "FDR": 0.21498054474708173,
        "FOR": 0.047188824796719715,
        "prevalence": 0.17741658558919476,
        "threat_score_CSI": 0.6433696518735051,
        "informedness_J": 0.7348395849745155,
        "markedness_MK": 0.7378306304561986,
        "prevalence_threshold": 0.19551658349458106,
        "LR_plus": 16.930391183768794,
        "LR_minus": 0.22962440883743912,
        "DOR": 73.73079921897387
      }
    },
    "specificity": 0.9430614975097547,
    "FPR": 0.05693850249024549,
    "FNR": 0.3303398795569992,
    "FDR": 0.3035827573494248,
    "FOR": 0.0580863042670796,
    "PPV": 0.6964172426505753,
    "NPV": 0.9419136957329204,
    "prevalence": 0.2,
    "threat_score_CSI": 0.0,
    "informedness_J": 0.0,
    "markedness_MK": 0.0,
    "prevalence_threshold": 0.1980008648331249,
    "LR_plus": 21.22559865640484,
    "LR_minus": 0.33910869945826844,
    "DOR": 98.74693438298904,
    "MCC": 0.7089976909074728,
    "cohens_kappa": 0.7073887837508355,
    "hamming_loss": 0.16585589194757627,
    "log_loss": 0.4390348516247901,
    "mean_prediction_entropy": 0.40924957394599915,
    "std_prediction_entropy": 0.37802934646606445,
    "auc_roc": 0.9497321462478642,
    "num_samples": 17473,
    "num_classes": 5,
    "class_names": [
      "class_0",
      "class_1",
      "class_2",
      "class_3",
      "class_4"
    ],
    "val_loss": 0.44211269985802853,
    "best_epoch": 25
  },
  "duration_seconds": 2794.836020708084,
  "timestamp": "2026-03-16T12:08:12.645337"
}