{
  "experiment": "quantum_full_RX",
  "name": "Quantum-full-RX",
  "config": {
    "type": "quantum",
    "entanglement": "full",
    "rotation": "RX",
    "name": "Quantum-full-RX"
  },
  "metrics": {
    "accuracy": 0.8067876151777027,
    "balanced_accuracy": 0.66472365235552,
    "precision_macro": 0.571704306539984,
    "precision_weighted": 0.7959481335834812,
    "recall_macro": 0.66472365235552,
    "recall_weighted": 0.8067876151777027,
    "f1_macro": 0.6108875224910546,
    "f1_weighted": 0.796854146026977,
    "sensitivity": 0.66472365235552,
    "confusion_matrix": [
      [
        2056,
        0,
        206,
        0,
        106
      ],
      [
        252,
        0,
        189,
        0,
        178
      ],
      [
        447,
        0,
        8977,
        341,
        1052
      ],
      [
        0,
        0,
        125,
        444,
        0
      ],
      [
        90,
        0,
        390,
        0,
        2620
      ]
    ],
    "per_class_metrics": {
      "class_0": {
        "TP": 2056,
        "FP": 789,
        "FN": 312,
        "TN": 14316,
        "TPR_sensitivity": 0.8682432432432432,
        "TNR_specificity": 0.9477656405163853,
        "PPV_precision": 0.7226713532513181,
        "NPV": 0.9786710418375718,
        "FPR": 0.0522343594836147,
        "FNR": 0.13175675675675674,
        "FDR": 0.2773286467486819,
        "FOR": 0.02132895816242822,
        "prevalence": 0.13552337892748811,
        "threat_score_CSI": 0.6512511878365537,
        "informedness_J": 0.8160088837596287,
        "markedness_MK": 0.70134239508889,
        "prevalence_threshold": 0.1969660359817834,
        "LR_plus": 16.622071215702395,
        "LR_minus": 0.13901828798622592,
        "DOR": 119.56751486789513
      },
      "class_1": {
        "TP": 0,
        "FP": 0,
        "FN": 619,
        "TN": 16854,
        "TPR_sensitivity": 0.0,
        "TNR_specificity": 1.0,
        "PPV_precision": 0.0,
        "NPV": 0.9645739140388028,
        "FPR": 0.0,
        "FNR": 1.0,
        "FDR": 0.0,
        "FOR": 0.03542608596119728,
        "prevalence": 0.03542608596119728,
        "threat_score_CSI": 0.0,
        "informedness_J": 0.0,
        "markedness_MK": -0.03542608596119723,
        "prevalence_threshold": 0.5,
        "LR_plus": Infinity,
        "LR_minus": 1.0,
        "DOR": Infinity
      },
      "class_2": {
        "TP": 8977,
        "FP": 910,
        "FN": 1840,
        "TN": 5746,
        "TPR_sensitivity": 0.8298973837478044,
        "TNR_specificity": 0.86328125,
        "PPV_precision": 0.9079599474056842,
        "NPV": 0.7574479303981018,
        "FPR": 0.13671875,
        "FNR": 0.1701026162521956,
        "FDR": 0.09204005259431577,
        "FOR": 0.24255206960189823,
        "prevalence": 0.6190694213930064,
        "threat_score_CSI": 0.7654984224439328,
        "informedness_J": 0.6931786337478045,
        "markedness_MK": 0.665407877803786,
        "prevalence_threshold": 0.2887037196658308,
        "LR_plus": 6.070106578269655,
        "LR_minus": 0.19704194461792796,
        "DOR": 30.806164596273295
      },
      "class_3": {
        "TP": 444,
        "FP": 341,
        "FN": 125,
        "TN": 16563,
        "TPR_sensitivity": 0.7803163444639719,
        "TNR_specificity": 0.979827259820161,
        "PPV_precision": 0.5656050955414013,
        "NPV": 0.9925095877277086,
        "FPR": 0.020172740179839093,
        "FNR": 0.21968365553602812,
        "FDR": 0.43439490445859874,
        "FOR": 0.007490412272291467,
        "prevalence": 0.032564528129113486,
        "threat_score_CSI": 0.4879120879120879,
        "informedness_J": 0.7601436042841327,
        "markedness_MK": 0.55811468326911,
        "prevalence_threshold": 0.1385144530169527,
        "LR_plus": 38.681722835246276,
        "LR_minus": 0.22420651531612745,
        "DOR": 172.52720234604107
      },
      "class_4": {
        "TP": 2620,
        "FP": 1336,
        "FN": 480,
        "TN": 13037,
        "TPR_sensitivity": 0.8451612903225807,
        "TNR_specificity": 0.9070479371042928,
        "PPV_precision": 0.6622851365015167,
        "NPV": 0.9644891617962565,
        "FPR": 0.09295206289570723,
        "FNR": 0.15483870967741936,
        "FDR": 0.33771486349848334,
        "FOR": 0.035510838203743435,
        "prevalence": 0.17741658558919476,
        "threat_score_CSI": 0.5906221821460775,
        "informedness_J": 0.7522092274268735,
        "markedness_MK": 0.6267742982977733,
        "prevalence_threshold": 0.24904319299547653,
        "LR_plus": 9.092442534286267,
        "LR_minus": 0.17070620343587853,
        "DOR": 53.26369136726547
      }
    },
    "specificity": 0.9395844174881678,
    "FPR": 0.06041558251183221,
    "FNR": 0.33527634764448,
    "FDR": 0.22829569346001594,
    "FOR": 0.06846167284031172,
    "PPV": 0.571704306539984,
    "NPV": 0.9315383271596882,
    "prevalence": 0.2,
    "threat_score_CSI": 0.0,
    "informedness_J": 0.0,
    "markedness_MK": 0.0,
    "prevalence_threshold": 0.2746454803320087,
    "LR_plus": 17.616585790876147,
    "LR_minus": 0.34619459027123195,
    "DOR": 94.04114329436875,
    "MCC": 0.6748525041273511,
    "cohens_kappa": 0.6702891063187485,
    "hamming_loss": 0.19321238482229725,
    "log_loss": 0.49095519381524666,
    "mean_prediction_entropy": 0.5359897017478943,
    "std_prediction_entropy": 0.36704814434051514,
    "auc_roc": 0.9405630868514526,
    "num_samples": 17473,
    "num_classes": 5,
    "class_names": [
      "class_0",
      "class_1",
      "class_2",
      "class_3",
      "class_4"
    ],
    "val_loss": 0.4946685967436672,
    "best_epoch": 9
  },
  "duration_seconds": 1982.2476344108582,
  "timestamp": "2026-03-16T17:05:41.298024"
}