{
  "experiment": "efficientnet",
  "name": "EfficientNet-B0",
  "config": {
    "type": "efficientnet",
    "name": "EfficientNet-B0"
  },
  "metrics": {
    "accuracy": 0.7597436044182453,
    "balanced_accuracy": 0.7321158805896802,
    "precision_macro": 0.6006442601364796,
    "precision_weighted": 0.8235196382963657,
    "recall_macro": 0.7321158805896802,
    "recall_weighted": 0.7597436044182453,
    "f1_macro": 0.6283987113786088,
    "f1_weighted": 0.7818260228420835,
    "sensitivity": 0.7321158805896802,
    "confusion_matrix": [
      [
        1829,
        396,
        90,
        2,
        51
      ],
      [
        106,
        272,
        112,
        0,
        129
      ],
      [
        243,
        555,
        8364,
        975,
        680
      ],
      [
        1,
        0,
        32,
        536,
        0
      ],
      [
        47,
        213,
        563,
        3,
        2274
      ]
    ],
    "per_class_metrics": {
      "class_0": {
        "TP": 1829,
        "FP": 397,
        "FN": 539,
        "TN": 14708,
        "TPR_sensitivity": 0.7723817567567568,
        "TNR_specificity": 0.9737173121482953,
        "PPV_precision": 0.8216531895777179,
        "NPV": 0.9646487833672198,
        "FPR": 0.026282687851704734,
        "FNR": 0.22761824324324326,
        "FDR": 0.17834681042228212,
        "FOR": 0.03535121663278022,
        "prevalence": 0.13552337892748811,
        "threat_score_CSI": 0.6614828209764919,
        "informedness_J": 0.746099068905052,
        "markedness_MK": 0.7863019729449379,
        "prevalence_threshold": 0.15573846440790734,
        "LR_plus": 29.387472130505824,
        "LR_minus": 0.2337621406166161,
        "DOR": 125.7152764471944
      },
      "class_1": {
        "TP": 272,
        "FP": 1164,
        "FN": 347,
        "TN": 15690,
        "TPR_sensitivity": 0.4394184168012924,
        "TNR_specificity": 0.930936276254895,
        "PPV_precision": 0.1894150417827298,
        "NPV": 0.9783625366340338,
        "FPR": 0.06906372374510501,
        "FNR": 0.5605815831987075,
        "FDR": 0.8105849582172702,
        "FOR": 0.021637463365966204,
        "prevalence": 0.03542608596119728,
        "threat_score_CSI": 0.1525518788558609,
        "informedness_J": 0.3703546930561874,
        "markedness_MK": 0.16777757841676366,
        "prevalence_threshold": 0.28389726108032876,
        "LR_plus": 6.362506870076445,
        "LR_minus": 0.6021696624111547,
        "DOR": 10.565970468522536
      },
      "class_2": {
        "TP": 8364,
        "FP": 797,
        "FN": 2453,
        "TN": 5859,
        "TPR_sensitivity": 0.7732273273550893,
        "TNR_specificity": 0.8802584134615384,
        "PPV_precision": 0.9130007641087218,
        "NPV": 0.7048845043310876,
        "FPR": 0.11974158653846154,
        "FNR": 0.2267726726449108,
        "FDR": 0.08699923589127824,
        "FOR": 0.29511549566891243,
        "prevalence": 0.6190694213930064,
        "threat_score_CSI": 0.7201653177199931,
        "informedness_J": 0.6534857408166277,
        "markedness_MK": 0.6178852684398093,
        "prevalence_threshold": 0.28239376810321437,
        "LR_plus": 6.4574668643356015,
        "LR_minus": 0.25762056820695106,
        "DOR": 25.065804758058785
      },
      "class_3": {
        "TP": 536,
        "FP": 980,
        "FN": 33,
        "TN": 15924,
        "TPR_sensitivity": 0.9420035149384886,
        "TNR_specificity": 0.9420255560814008,
        "PPV_precision": 0.35356200527704484,
        "NPV": 0.9979319420943786,
        "FPR": 0.05797444391859915,
        "FNR": 0.05799648506151142,
        "FDR": 0.6464379947229552,
        "FOR": 0.0020680579056213573,
        "prevalence": 0.032564528129113486,
        "threat_score_CSI": 0.3460296965784377,
        "informedness_J": 0.8840290710198895,
        "markedness_MK": 0.3514939473714236,
        "prevalence_threshold": 0.1987694126853271,
        "LR_plus": 16.24859940461246,
        "LR_minus": 0.061565723654847346,
        "DOR": 263.92282003710574
      },
      "class_4": {
        "TP": 2274,
        "FP": 860,
        "FN": 826,
        "TN": 13513,
        "TPR_sensitivity": 0.7335483870967742,
        "TNR_specificity": 0.9401655882557574,
        "PPV_precision": 0.7255902999361837,
        "NPV": 0.9423948671455471,
        "FPR": 0.05983441174424268,
        "FNR": 0.26645161290322583,
        "FDR": 0.2744097000638162,
        "FOR": 0.057605132854452894,
        "prevalence": 0.17741658558919476,
        "threat_score_CSI": 0.5742424242424242,
        "informedness_J": 0.6737139753525314,
        "markedness_MK": 0.667985167081731,
        "prevalence_threshold": 0.2221542446868331,
        "LR_plus": 12.25964066016504,
        "LR_minus": 0.28340923793813844,
        "DOR": 43.2577312911763
      }
    },
    "specificity": 0.9334206292403774,
    "FPR": 0.06657937075962263,
    "FNR": 0.26788411941031975,
    "FDR": 0.3993557398635204,
    "FOR": 0.08235547328554663,
    "PPV": 0.6006442601364796,
    "NPV": 0.9176445267144533,
    "prevalence": 0.2,
    "threat_score_CSI": 0.0,
    "informedness_J": 0.0,
    "markedness_MK": 0.0,
    "prevalence_threshold": 0.22859063019272213,
    "LR_plus": 14.143137185939077,
    "LR_minus": 0.28770546656554147,
    "DOR": 93.70552060041156,
    "MCC": 0.621925759521003,
    "cohens_kappa": 0.6128651504453908,
    "hamming_loss": 0.2402563955817547,
    "log_loss": 0.8015580464409927,
    "mean_prediction_entropy": 0.2511187791824341,
    "std_prediction_entropy": 0.3125665783882141,
    "auc_roc": 0.933468333795463,
    "num_samples": 17473,
    "num_classes": 5,
    "class_names": [
      "class_0",
      "class_1",
      "class_2",
      "class_3",
      "class_4"
    ],
    "val_loss": 1.0976809054395578,
    "best_epoch": 5
  },
  "duration_seconds": 4331.668566703796,
  "timestamp": "2026-05-28T16:04:52.315382"
}