{
  "experiment": "efficientnet",
  "name": "EfficientNet-B0",
  "config": {
    "type": "efficientnet",
    "name": "EfficientNet-B0"
  },
  "metrics": {
    "accuracy": 0.8401533794997997,
    "balanced_accuracy": 0.6849438957627793,
    "precision_macro": 0.6860262809925265,
    "precision_weighted": 0.8390386461670472,
    "recall_macro": 0.6849438957627793,
    "recall_weighted": 0.8401533794997997,
    "f1_macro": 0.6836231819992056,
    "f1_weighted": 0.8384880910793348,
    "sensitivity": 0.6849438957627793,
    "confusion_matrix": [
      [
        2062,
        128,
        136,
        0,
        42
      ],
      [
        121,
        166,
        275,
        0,
        57
      ],
      [
        253,
        172,
        9810,
        291,
        291
      ],
      [
        0,
        0,
        202,
        367,
        0
      ],
      [
        35,
        82,
        708,
        0,
        2275
      ]
    ],
    "per_class_metrics": {
      "class_0": {
        "TP": 2062,
        "FP": 409,
        "FN": 306,
        "TN": 14696,
        "TPR_sensitivity": 0.870777027027027,
        "TNR_specificity": 0.9729228732207879,
        "PPV_precision": 0.8344799676244435,
        "NPV": 0.9796027196373817,
        "FPR": 0.02707712677921218,
        "FNR": 0.12922297297297297,
        "FDR": 0.16552003237555646,
        "FOR": 0.020397280362618318,
        "prevalence": 0.13552337892748811,
        "threat_score_CSI": 0.742527907814188,
        "informedness_J": 0.8436999002478149,
        "markedness_MK": 0.8140826872618252,
        "prevalence_threshold": 0.14990475082269866,
        "LR_plus": 32.15913690279521,
        "LR_minus": 0.13281933905530463,
        "DOR": 242.12691563993155
      },
      "class_1": {
        "TP": 166,
        "FP": 382,
        "FN": 453,
        "TN": 16472,
        "TPR_sensitivity": 0.2681744749596123,
        "TNR_specificity": 0.9773347573276373,
        "PPV_precision": 0.3029197080291971,
        "NPV": 0.973234859675037,
        "FPR": 0.022665242672362643,
        "FNR": 0.7318255250403877,
        "FDR": 0.6970802919708029,
        "FOR": 0.026765140324963074,
        "prevalence": 0.03542608596119728,
        "threat_score_CSI": 0.16583416583416583,
        "informedness_J": 0.24550923228724963,
        "markedness_MK": 0.2761545677042341,
        "prevalence_threshold": 0.225237243131883,
        "LR_plus": 11.831970159605511,
        "LR_minus": 0.7487971951815623,
        "DOR": 15.801301388070225
      },
      "class_2": {
        "TP": 9810,
        "FP": 1321,
        "FN": 1007,
        "TN": 5335,
        "TPR_sensitivity": 0.9069057964315429,
        "TNR_specificity": 0.8015324519230769,
        "PPV_precision": 0.8813224328452071,
        "NPV": 0.8412172816146326,
        "FPR": 0.19846754807692307,
        "FNR": 0.09309420356845706,
        "FDR": 0.11867756715479293,
        "FOR": 0.1587827183853674,
        "prevalence": 0.6190694213930064,
        "threat_score_CSI": 0.8082056351952546,
        "informedness_J": 0.7084382483546197,
        "markedness_MK": 0.7225397144598396,
        "prevalence_threshold": 0.31870999370184955,
        "LR_plus": 4.569541999279599,
        "LR_minus": 0.11614527065635431,
        "DOR": 39.34333247885542
      },
      "class_3": {
        "TP": 367,
        "FP": 291,
        "FN": 202,
        "TN": 16613,
        "TPR_sensitivity": 0.6449912126537786,
        "TNR_specificity": 0.9827851396119262,
        "PPV_precision": 0.5577507598784195,
        "NPV": 0.9879869164436516,
        "FPR": 0.01721486038807383,
        "FNR": 0.35500878734622143,
        "FDR": 0.44224924012158057,
        "FOR": 0.012013083556348498,
        "prevalence": 0.032564528129113486,
        "threat_score_CSI": 0.42674418604651165,
        "informedness_J": 0.6277763522657047,
        "markedness_MK": 0.5457376763220712,
        "prevalence_threshold": 0.14042894587206498,
        "LR_plus": 37.46711841477482,
        "LR_minus": 0.3612272642689777,
        "DOR": 103.7217345445885
      },
      "class_4": {
        "TP": 2275,
        "FP": 390,
        "FN": 825,
        "TN": 13983,
        "TPR_sensitivity": 0.7338709677419355,
        "TNR_specificity": 0.9728657900229597,
        "PPV_precision": 0.8536585365853658,
        "NPV": 0.9442868719611021,
        "FPR": 0.027134209977040285,
        "FNR": 0.2661290322580645,
        "FDR": 0.14634146341463414,
        "FOR": 0.05571312803889789,
        "prevalence": 0.17741658558919476,
        "threat_score_CSI": 0.6518624641833811,
        "informedness_J": 0.7067367577648951,
        "markedness_MK": 0.7979454085464679,
        "prevalence_threshold": 0.1612753970711411,
        "LR_plus": 27.045967741935485,
        "LR_minus": 0.2735516398945263,
        "DOR": 98.86969696969697
      }
    },
    "specificity": 0.9414882024212776,
    "FPR": 0.058511797578722415,
    "FNR": 0.31505610423722075,
    "FDR": 0.3139737190074734,
    "FOR": 0.05473427013363904,
    "PPV": 0.6860262809925265,
    "NPV": 0.9452657298663609,
    "prevalence": 0.2,
    "threat_score_CSI": 0.0,
    "informedness_J": 0.0,
    "markedness_MK": 0.0,
    "prevalence_threshold": 0.1991112661199275,
    "LR_plus": 22.61474704367813,
    "LR_minus": 0.326508141811345,
    "DOR": 99.97259620422854,
    "MCC": 0.7137837504109127,
    "cohens_kappa": 0.7130559200673867,
    "hamming_loss": 0.15984662050020032,
    "log_loss": 0.7149418943353082,
    "mean_prediction_entropy": 0.1303422451019287,
    "std_prediction_entropy": 0.24064791202545166,
    "auc_roc": 0.9513211429573936,
    "num_samples": 17473,
    "num_classes": 5,
    "class_names": [
      "class_0",
      "class_1",
      "class_2",
      "class_3",
      "class_4"
    ],
    "val_loss": 0.7230275118873067,
    "best_epoch": 10
  },
  "duration_seconds": 1633.2088148593903,
  "timestamp": "2026-03-16T10:01:01.329598"
}