{
  "experiment": "convnext",
  "name": "ConvNeXt-Tiny",
  "config": {
    "type": "convnext",
    "name": "ConvNeXt-Tiny"
  },
  "metrics": {
    "accuracy": 0.6495736278830195,
    "balanced_accuracy": 0.6164404460555659,
    "precision_macro": 0.5074945445574034,
    "precision_weighted": 0.7482846080315665,
    "recall_macro": 0.6164404460555659,
    "recall_weighted": 0.6495736278830195,
    "f1_macro": 0.5106645891601729,
    "f1_weighted": 0.6601353128399289,
    "sensitivity": 0.6164404460555659,
    "confusion_matrix": [
      [
        1911,
        51,
        104,
        6,
        296
      ],
      [
        242,
        24,
        51,
        1,
        301
      ],
      [
        451,
        50,
        6366,
        935,
        3015
      ],
      [
        0,
        0,
        106,
        463,
        0
      ],
      [
        103,
        8,
        391,
        12,
        2586
      ]
    ],
    "per_class_metrics": {
      "class_0": {
        "TP": 1911,
        "FP": 796,
        "FN": 457,
        "TN": 14309,
        "TPR_sensitivity": 0.8070101351351351,
        "TNR_specificity": 0.9473022178086726,
        "PPV_precision": 0.7059475434059845,
        "NPV": 0.9690505214682379,
        "FPR": 0.052697782191327376,
        "FNR": 0.19298986486486486,
        "FDR": 0.2940524565940155,
        "FOR": 0.030949478531762158,
        "prevalence": 0.13552337892748811,
        "threat_score_CSI": 0.6039823008849557,
        "informedness_J": 0.7543123529438076,
        "markedness_MK": 0.6749980648742224,
        "prevalence_threshold": 0.20352912813071672,
        "LR_plus": 15.31392976283444,
        "LR_minus": 0.20372576062504602,
        "DOR": 75.16933408838503
      },
      "class_1": {
        "TP": 24,
        "FP": 109,
        "FN": 595,
        "TN": 16745,
        "TPR_sensitivity": 0.03877221324717286,
        "TNR_specificity": 0.9935326925358965,
        "PPV_precision": 0.18045112781954886,
        "NPV": 0.9656862745098039,
        "FPR": 0.006467307464103477,
        "FNR": 0.9612277867528272,
        "FDR": 0.8195488721804511,
        "FOR": 0.03431372549019608,
        "prevalence": 0.03542608596119728,
        "threat_score_CSI": 0.03296703296703297,
        "informedness_J": 0.032304905783069326,
        "markedness_MK": 0.1461374023293529,
        "prevalence_threshold": 0.28998189372961325,
        "LR_plus": 5.995109009796801,
        "LR_minus": 0.9674848084760913,
        "DOR": 6.19659239842726
      },
      "class_2": {
        "TP": 6366,
        "FP": 652,
        "FN": 4451,
        "TN": 6004,
        "TPR_sensitivity": 0.5885180734029768,
        "TNR_specificity": 0.9020432692307693,
        "PPV_precision": 0.9070960387574808,
        "NPV": 0.5742706838833094,
        "FPR": 0.09795673076923077,
        "FNR": 0.4114819265970232,
        "FDR": 0.09290396124251923,
        "FOR": 0.42572931611669057,
        "prevalence": 0.6190694213930064,
        "threat_score_CSI": 0.5550614700496992,
        "informedness_J": 0.49056134263374607,
        "markedness_MK": 0.4813667226407903,
        "prevalence_threshold": 0.289761864041126,
        "LR_plus": 6.007939105169039,
        "LR_minus": 0.4561665062341416,
        "DOR": 13.170495911169063
      },
      "class_3": {
        "TP": 463,
        "FP": 954,
        "FN": 106,
        "TN": 15950,
        "TPR_sensitivity": 0.8137082601054482,
        "TNR_specificity": 0.9435636535731188,
        "PPV_precision": 0.3267466478475653,
        "NPV": 0.9933981066268062,
        "FPR": 0.05643634642688121,
        "FNR": 0.18629173989455183,
        "FDR": 0.6732533521524348,
        "FOR": 0.0066018933731938215,
        "prevalence": 0.032564528129113486,
        "threat_score_CSI": 0.30400525279054497,
        "informedness_J": 0.7572719136785668,
        "markedness_MK": 0.3201447544743714,
        "prevalence_threshold": 0.20845818244647243,
        "LR_plus": 14.418159778639934,
        "LR_minus": 0.1974342050894987,
        "DOR": 73.02766900043513
      },
      "class_4": {
        "TP": 2586,
        "FP": 3612,
        "FN": 514,
        "TN": 10761,
        "TPR_sensitivity": 0.8341935483870968,
        "TNR_specificity": 0.7486954706741807,
        "PPV_precision": 0.41723136495643753,
        "NPV": 0.9544124168514413,
        "FPR": 0.25130452932581926,
        "FNR": 0.16580645161290322,
        "FDR": 0.5827686350435625,
        "FOR": 0.04558758314855876,
        "prevalence": 0.17741658558919476,
        "threat_score_CSI": 0.38528009535160906,
        "informedness_J": 0.5828890190612777,
        "markedness_MK": 0.3716437818078788,
        "prevalence_threshold": 0.35436657483392103,
        "LR_plus": 3.31945289893902,
        "LR_minus": 0.2214604710558738,
        "DOR": 14.988918262083587
      }
    },
    "specificity": 0.9070274607645276,
    "FPR": 0.09297253923547241,
    "FNR": 0.38355955394443403,
    "FDR": 0.4925054554425966,
    "FOR": 0.10863639933208027,
    "PPV": 0.5074945445574034,
    "NPV": 0.8913636006679196,
    "prevalence": 0.2,
    "threat_score_CSI": 0.0,
    "informedness_J": 0.0,
    "markedness_MK": 0.0,
    "prevalence_threshold": 0.2692195286363699,
    "LR_plus": 9.010918111075847,
    "LR_minus": 0.4092543502961303,
    "DOR": 36.51060193210001,
    "MCC": 0.5060798926794366,
    "cohens_kappa": 0.47265639480967236,
    "hamming_loss": 0.35042637211698047,
    "log_loss": 0.8482331708590857,
    "mean_prediction_entropy": 0.7378133535385132,
    "std_prediction_entropy": 0.27308955788612366,
    "auc_roc": 0.900823093629189,
    "num_samples": 17473,
    "num_classes": 5,
    "class_names": [
      "class_0",
      "class_1",
      "class_2",
      "class_3",
      "class_4"
    ],
    "val_loss": 0.9490090571615818,
    "best_epoch": 5
  },
  "duration_seconds": 9401.430402755737,
  "timestamp": "2026-05-28T18:41:34.039565"
}