{
  "experiment": "convnext",
  "name": "ConvNeXt-Tiny",
  "config": {
    "type": "convnext",
    "name": "ConvNeXt-Tiny"
  },
  "metrics": {
    "accuracy": 0.8310536255937733,
    "balanced_accuracy": 0.7220292723534255,
    "precision_macro": 0.6593967586218208,
    "precision_weighted": 0.8421767396926273,
    "recall_macro": 0.7220292723534255,
    "recall_weighted": 0.8310536255937733,
    "f1_macro": 0.6834089393743058,
    "f1_weighted": 0.8348460685453393,
    "sensitivity": 0.7220292723534255,
    "confusion_matrix": [
      [
        2131,
        98,
        88,
        0,
        51
      ],
      [
        166,
        202,
        177,
        0,
        74
      ],
      [
        254,
        276,
        9344,
        501,
        442
      ],
      [
        0,
        0,
        149,
        420,
        0
      ],
      [
        64,
        81,
        531,
        0,
        2424
      ]
    ],
    "per_class_metrics": {
      "class_0": {
        "TP": 2131,
        "FP": 484,
        "FN": 237,
        "TN": 14621,
        "TPR_sensitivity": 0.8999155405405406,
        "TNR_specificity": 0.9679576299238662,
        "PPV_precision": 0.8149139579349904,
        "NPV": 0.98404899717324,
        "FPR": 0.03204237007613373,
        "FNR": 0.10008445945945946,
        "FDR": 0.18508604206500956,
        "FOR": 0.015951002826759996,
        "prevalence": 0.13552337892748811,
        "threat_score_CSI": 0.7471949509116409,
        "informedness_J": 0.8678731704644069,
        "markedness_MK": 0.7989629551082305,
        "prevalence_threshold": 0.1587416309103047,
        "LR_plus": 28.08517404930757,
        "LR_minus": 0.1033975624194744,
        "DOR": 271.6231736234613
      },
      "class_1": {
        "TP": 202,
        "FP": 455,
        "FN": 417,
        "TN": 16399,
        "TPR_sensitivity": 0.3263327948303716,
        "TNR_specificity": 0.9730034413195681,
        "PPV_precision": 0.3074581430745814,
        "NPV": 0.9752021883920076,
        "FPR": 0.026996558680431944,
        "FNR": 0.6736672051696284,
        "FDR": 0.6925418569254186,
        "FOR": 0.02479781160799239,
        "prevalence": 0.03542608596119728,
        "threat_score_CSI": 0.18808193668528864,
        "informedness_J": 0.29933623614993965,
        "markedness_MK": 0.282660331466589,
        "prevalence_threshold": 0.2233752574172574,
        "LR_plus": 12.087940492463918,
        "LR_minus": 0.6923585020994523,
        "DOR": 17.459077133897278
      },
      "class_2": {
        "TP": 9344,
        "FP": 945,
        "FN": 1473,
        "TN": 5711,
        "TPR_sensitivity": 0.8638254599241934,
        "TNR_specificity": 0.8580228365384616,
        "PPV_precision": 0.9081543395859656,
        "NPV": 0.7949610244988864,
        "FPR": 0.14197716346153846,
        "FNR": 0.1361745400758066,
        "FDR": 0.0918456604140344,
        "FOR": 0.20503897550111358,
        "prevalence": 0.6190694213930064,
        "threat_score_CSI": 0.7944227172249617,
        "informedness_J": 0.7218482964626549,
        "markedness_MK": 0.703115364084852,
        "prevalence_threshold": 0.28846471090435366,
        "LR_plus": 6.084256361116858,
        "LR_minus": 0.1587073610128819,
        "DOR": 38.33632115288599
      },
      "class_3": {
        "TP": 420,
        "FP": 501,
        "FN": 149,
        "TN": 16403,
        "TPR_sensitivity": 0.7381370826010545,
        "TNR_specificity": 0.9703620444865121,
        "PPV_precision": 0.4560260586319218,
        "NPV": 0.9909980666988883,
        "FPR": 0.029637955513487933,
        "FNR": 0.2618629173989455,
        "FDR": 0.5439739413680782,
        "FOR": 0.009001933301111648,
        "prevalence": 0.032564528129113486,
        "threat_score_CSI": 0.3925233644859813,
        "informedness_J": 0.7084991270875665,
        "markedness_MK": 0.44702412533081004,
        "prevalence_threshold": 0.16693086800009668,
        "LR_plus": 24.905128232112226,
        "LR_minus": 0.26986104710795433,
        "DOR": 92.2887111682675
      },
      "class_4": {
        "TP": 2424,
        "FP": 567,
        "FN": 676,
        "TN": 13806,
        "TPR_sensitivity": 0.7819354838709678,
        "TNR_specificity": 0.960551033187226,
        "PPV_precision": 0.8104312938816449,
        "NPV": 0.9533213644524237,
        "FPR": 0.039448966812773954,
        "FNR": 0.21806451612903227,
        "FDR": 0.18956870611835505,
        "FOR": 0.0466786355475763,
        "prevalence": 0.17741658558919476,
        "threat_score_CSI": 0.66103081538042,
        "informedness_J": 0.7424865170581938,
        "markedness_MK": 0.7637526583340686,
        "prevalence_threshold": 0.18341462192328004,
        "LR_plus": 19.821443932411675,
        "LR_minus": 0.22702022963367963,
        "DOR": 87.31135531135531
      }
    },
    "specificity": 0.9459793970911268,
    "FPR": 0.05402060290887321,
    "FNR": 0.27797072764657443,
    "FDR": 0.34060324137817916,
    "FOR": 0.060293671756910784,
    "PPV": 0.6593967586218208,
    "NPV": 0.9397063282430892,
    "prevalence": 0.2,
    "threat_score_CSI": 0.0,
    "informedness_J": 0.0,
    "markedness_MK": 0.0,
    "prevalence_threshold": 0.20418541783105848,
    "LR_plus": 18.196788613482447,
    "LR_minus": 0.2902689404546885,
    "DOR": 101.40372767797348,
    "MCC": 0.7108309250974986,
    "cohens_kappa": 0.7095940564840485,
    "hamming_loss": 0.16894637440622676,
    "log_loss": 0.4960451065347512,
    "mean_prediction_entropy": 0.25884702801704407,
    "std_prediction_entropy": 0.3068166971206665,
    "auc_roc": 0.9509649292686888,
    "num_samples": 17473,
    "num_classes": 5,
    "class_names": [
      "class_0",
      "class_1",
      "class_2",
      "class_3",
      "class_4"
    ],
    "val_loss": 0.49815493593685817,
    "best_epoch": 11
  },
  "duration_seconds": 3463.1945786476135,
  "timestamp": "2026-03-16T10:58:45.036949"
}