{
  "experiment": "quantum_full_RY",
  "name": "Quantum-full-RY",
  "config": {
    "type": "quantum",
    "entanglement": "full",
    "rotation": "RY",
    "name": "Quantum-full-RY"
  },
  "metrics": {
    "accuracy": 0.8315114748469067,
    "balanced_accuracy": 0.6660931188739514,
    "precision_macro": 0.6735633599137054,
    "precision_weighted": 0.8219209428520338,
    "recall_macro": 0.6660931188739514,
    "recall_weighted": 0.8315114748469067,
    "f1_macro": 0.644568714589633,
    "f1_weighted": 0.8216932843274586,
    "sensitivity": 0.6660931188739514,
    "confusion_matrix": [
      [
        2043,
        34,
        239,
        0,
        52
      ],
      [
        191,
        42,
        299,
        0,
        87
      ],
      [
        316,
        18,
        9727,
        374,
        382
      ],
      [
        0,
        0,
        134,
        435,
        0
      ],
      [
        85,
        21,
        712,
        0,
        2282
      ]
    ],
    "per_class_metrics": {
      "class_0": {
        "TP": 2043,
        "FP": 592,
        "FN": 325,
        "TN": 14513,
        "TPR_sensitivity": 0.8627533783783784,
        "TNR_specificity": 0.9608076795762992,
        "PPV_precision": 0.7753320683111955,
        "NPV": 0.9780967785415824,
        "FPR": 0.039192320423700765,
        "FNR": 0.13724662162162163,
        "FDR": 0.22466793168880456,
        "FOR": 0.021903221458417575,
        "prevalence": 0.13552337892748811,
        "threat_score_CSI": 0.6902027027027027,
        "informedness_J": 0.8235610579546777,
        "markedness_MK": 0.7534288468527779,
        "prevalence_threshold": 0.17569022672040066,
        "LR_plus": 22.013327331765886,
        "LR_minus": 0.14284505061631605,
        "DOR": 154.10633575883574
      },
      "class_1": {
        "TP": 42,
        "FP": 73,
        "FN": 577,
        "TN": 16781,
        "TPR_sensitivity": 0.06785137318255251,
        "TNR_specificity": 0.9956686839919306,
        "PPV_precision": 0.3652173913043478,
        "NPV": 0.9667588431846987,
        "FPR": 0.004331316008069301,
        "FNR": 0.9321486268174475,
        "FDR": 0.6347826086956522,
        "FOR": 0.0332411568153013,
        "prevalence": 0.03542608596119728,
        "threat_score_CSI": 0.06069364161849711,
        "informedness_J": 0.06352005717448317,
        "markedness_MK": 0.33197623448904645,
        "prevalence_threshold": 0.20169660599002417,
        "LR_plus": 15.665301967379998,
        "LR_minus": 0.9362036205459305,
        "DOR": 16.732793618385127
      },
      "class_2": {
        "TP": 9727,
        "FP": 1384,
        "FN": 1090,
        "TN": 5272,
        "TPR_sensitivity": 0.8992326892853841,
        "TNR_specificity": 0.7920673076923077,
        "PPV_precision": 0.8754387543875439,
        "NPV": 0.8286702294875825,
        "FPR": 0.20793269230769232,
        "FNR": 0.10076731071461588,
        "FDR": 0.12456124561245613,
        "FOR": 0.1713297705124175,
        "prevalence": 0.6190694213930064,
        "threat_score_CSI": 0.797229735267601,
        "informedness_J": 0.6912999969776918,
        "markedness_MK": 0.7041089838751264,
        "prevalence_threshold": 0.32472009809650587,
        "LR_plus": 4.324633511476529,
        "LR_minus": 0.1272206411450082,
        "DOR": 33.993174948295064
      },
      "class_3": {
        "TP": 435,
        "FP": 374,
        "FN": 134,
        "TN": 16530,
        "TPR_sensitivity": 0.7644991212653779,
        "TNR_specificity": 0.9778750591575959,
        "PPV_precision": 0.5377008652657602,
        "NPV": 0.9919587133941431,
        "FPR": 0.022124940842404163,
        "FNR": 0.23550087873462214,
        "FDR": 0.4622991347342398,
        "FOR": 0.008041286605856937,
        "prevalence": 0.032564528129113486,
        "threat_score_CSI": 0.46129374337221635,
        "informedness_J": 0.7423741804229738,
        "markedness_MK": 0.5296595786599032,
        "prevalence_threshold": 0.1453859939404589,
        "LR_plus": 34.553724988957086,
        "LR_minus": 0.24082921077616773,
        "DOR": 143.4781307366909
      },
      "class_4": {
        "TP": 2282,
        "FP": 521,
        "FN": 818,
        "TN": 13852,
        "TPR_sensitivity": 0.7361290322580645,
        "TNR_specificity": 0.9637514784665693,
        "PPV_precision": 0.814127720299679,
        "NPV": 0.9442399454669393,
        "FPR": 0.036248521533430736,
        "FNR": 0.26387096774193547,
        "FDR": 0.18587227970032108,
        "FOR": 0.05576005453306067,
        "prevalence": 0.17741658558919476,
        "threat_score_CSI": 0.6302126484396575,
        "informedness_J": 0.6998805107246338,
        "markedness_MK": 0.7583676657666183,
        "prevalence_threshold": 0.1816061435854143,
        "LR_plus": 20.307836047303574,
        "LR_minus": 0.27379565545443535,
        "DOR": 74.17150580273972
      }
    },
    "specificity": 0.9380340417769405,
    "FPR": 0.06196595822305946,
    "FNR": 0.33390688112604855,
    "FDR": 0.32643664008629475,
    "FOR": 0.058055097985010795,
    "PPV": 0.6735633599137054,
    "NPV": 0.9419449020149893,
    "prevalence": 0.2,
    "threat_score_CSI": 0.0,
    "informedness_J": 0.0,
    "markedness_MK": 0.0,
    "prevalence_threshold": 0.20581981366656082,
    "LR_plus": 19.372964769376615,
    "LR_minus": 0.34417883570757163,
    "DOR": 84.4963881729893,
    "MCC": 0.6980539713651884,
    "cohens_kappa": 0.6967979899462893,
    "hamming_loss": 0.16848852515309334,
    "log_loss": 0.4371307141455016,
    "mean_prediction_entropy": 0.43277814984321594,
    "std_prediction_entropy": 0.39516931772232056,
    "auc_roc": 0.9512078136401477,
    "num_samples": 17473,
    "num_classes": 5,
    "class_names": [
      "class_0",
      "class_1",
      "class_2",
      "class_3",
      "class_4"
    ],
    "val_loss": 0.4390709464349886,
    "best_epoch": 22
  },
  "duration_seconds": 3762.686817407608,
  "timestamp": "2026-03-16T18:08:24.366464"
}