{
  "experiment": "quantum_full_RXY",
  "name": "Quantum-full-RXY",
  "config": {
    "type": "quantum",
    "entanglement": "full",
    "rotation": "RXY",
    "name": "Quantum-full-RXY"
  },
  "metrics": {
    "accuracy": 0.834258570365707,
    "balanced_accuracy": 0.6913042255638413,
    "precision_macro": 0.6697924381189747,
    "precision_weighted": 0.8308034462268362,
    "recall_macro": 0.6913042255638413,
    "recall_weighted": 0.834258570365707,
    "f1_macro": 0.6566085304305715,
    "f1_weighted": 0.8270645791619857,
    "sensitivity": 0.6913042255638413,
    "confusion_matrix": [
      [
        2103,
        40,
        144,
        0,
        81
      ],
      [
        223,
        48,
        198,
        0,
        150
      ],
      [
        405,
        26,
        9406,
        328,
        652
      ],
      [
        0,
        0,
        118,
        451,
        0
      ],
      [
        91,
        17,
        423,
        0,
        2569
      ]
    ],
    "per_class_metrics": {
      "class_0": {
        "TP": 2103,
        "FP": 719,
        "FN": 265,
        "TN": 14386,
        "TPR_sensitivity": 0.8880912162162162,
        "TNR_specificity": 0.952399867593512,
        "PPV_precision": 0.7452161587526577,
        "NPV": 0.9819124974404477,
        "FPR": 0.047600132406487916,
        "FNR": 0.11190878378378379,
        "FDR": 0.2547838412473423,
        "FOR": 0.01808750255955225,
        "prevalence": 0.13552337892748811,
        "threat_score_CSI": 0.6812439261418853,
        "informedness_J": 0.8404910838097281,
        "markedness_MK": 0.7271286561931054,
        "prevalence_threshold": 0.18799067586257648,
        "LR_plus": 18.657326593805212,
        "LR_minus": 0.11750188927110067,
        "DOR": 158.78320518539903
      },
      "class_1": {
        "TP": 48,
        "FP": 83,
        "FN": 571,
        "TN": 16771,
        "TPR_sensitivity": 0.07754442649434572,
        "TNR_specificity": 0.9950753530319212,
        "PPV_precision": 0.366412213740458,
        "NPV": 0.9670741552300772,
        "FPR": 0.004924646968078795,
        "FNR": 0.9224555735056543,
        "FDR": 0.6335877862595419,
        "FOR": 0.03292584476992273,
        "prevalence": 0.03542608596119728,
        "threat_score_CSI": 0.06837606837606838,
        "informedness_J": 0.07261977952626686,
        "markedness_MK": 0.3334863689705352,
        "prevalence_threshold": 0.20128229244312937,
        "LR_plus": 15.746189929345816,
        "LR_minus": 0.9270208237949018,
        "DOR": 16.985799590656846
      },
      "class_2": {
        "TP": 9406,
        "FP": 883,
        "FN": 1411,
        "TN": 5773,
        "TPR_sensitivity": 0.8695571785153,
        "TNR_specificity": 0.8673377403846154,
        "PPV_precision": 0.9141801924385266,
        "NPV": 0.8035913140311804,
        "FPR": 0.1326622596153846,
        "FNR": 0.13044282148470002,
        "FDR": 0.08581980756147342,
        "FOR": 0.1964086859688196,
        "prevalence": 0.6190694213930064,
        "threat_score_CSI": 0.803931623931624,
        "informedness_J": 0.7368949188999154,
        "markedness_MK": 0.717771506469707,
        "prevalence_threshold": 0.2808824062744219,
        "LR_plus": 6.554668833746135,
        "LR_minus": 0.15039449502895605,
        "DOR": 43.58316993241101
      },
      "class_3": {
        "TP": 451,
        "FP": 328,
        "FN": 118,
        "TN": 16576,
        "TPR_sensitivity": 0.7926186291739895,
        "TNR_specificity": 0.9805963085660199,
        "PPV_precision": 0.5789473684210527,
        "NPV": 0.9929315921888103,
        "FPR": 0.019403691433980123,
        "FNR": 0.20738137082601055,
        "FDR": 0.42105263157894735,
        "FOR": 0.007068407811189649,
        "prevalence": 0.032564528129113486,
        "threat_score_CSI": 0.5027870680044593,
        "informedness_J": 0.7732149377400095,
        "markedness_MK": 0.5718789606098631,
        "prevalence_threshold": 0.1352939939546299,
        "LR_plus": 40.84885764499121,
        "LR_minus": 0.21148495972749048,
        "DOR": 193.15254237288136
      },
      "class_4": {
        "TP": 2569,
        "FP": 883,
        "FN": 531,
        "TN": 13490,
        "TPR_sensitivity": 0.8287096774193549,
        "TNR_specificity": 0.9385653656160857,
        "PPV_precision": 0.7442062572421785,
        "NPV": 0.962128236217103,
        "FPR": 0.061434634383914284,
        "FNR": 0.17129032258064517,
        "FDR": 0.2557937427578216,
        "FOR": 0.03787176378289708,
        "prevalence": 0.17741658558919476,
        "threat_score_CSI": 0.6449912126537786,
        "informedness_J": 0.7672750430354407,
        "markedness_MK": 0.7063344934592815,
        "prevalence_threshold": 0.2140055022760323,
        "LR_plus": 13.48929127242173,
        "LR_minus": 0.18250228365097204,
        "DOR": 73.9129998954941
      }
    },
    "specificity": 0.9467949270384308,
    "FPR": 0.05320507296156914,
    "FNR": 0.3086957744361588,
    "FDR": 0.3302075618810253,
    "FOR": 0.05847244097847627,
    "PPV": 0.6697924381189747,
    "NPV": 0.9415275590215237,
    "prevalence": 0.2,
    "threat_score_CSI": 0.0,
    "informedness_J": 0.0,
    "markedness_MK": 0.0,
    "prevalence_threshold": 0.203890974162158,
    "LR_plus": 19.05926685486202,
    "LR_minus": 0.31778089029468415,
    "DOR": 97.28354339536847,
    "MCC": 0.7145878644750616,
    "cohens_kappa": 0.712655570722307,
    "hamming_loss": 0.16574142963429292,
    "log_loss": 0.4425322303055824,
    "mean_prediction_entropy": 0.40836983919143677,
    "std_prediction_entropy": 0.3644919693470001,
    "auc_roc": 0.9489798581993512,
    "num_samples": 17473,
    "num_classes": 5,
    "class_names": [
      "class_0",
      "class_1",
      "class_2",
      "class_3",
      "class_4"
    ],
    "val_loss": 0.44588085992710436,
    "best_epoch": 19
  },
  "duration_seconds": 3695.619642496109,
  "timestamp": "2026-03-16T20:15:12.196542"
}