{
  "experiment": "quantum_full_RXZ",
  "name": "Quantum-full-RXZ",
  "config": {
    "type": "quantum",
    "entanglement": "full",
    "rotation": "RXZ",
    "name": "Quantum-full-RXZ"
  },
  "metrics": {
    "accuracy": 0.8354604246551823,
    "balanced_accuracy": 0.6705292284433894,
    "precision_macro": 0.6683984785294724,
    "precision_weighted": 0.8268970066988376,
    "recall_macro": 0.6705292284433894,
    "recall_weighted": 0.8354604246551823,
    "f1_macro": 0.6612267984744283,
    "f1_weighted": 0.8293164444761019,
    "sensitivity": 0.6705292284433894,
    "confusion_matrix": [
      [
        2086,
        80,
        145,
        0,
        57
      ],
      [
        197,
        76,
        234,
        0,
        112
      ],
      [
        356,
        69,
        9619,
        249,
        524
      ],
      [
        0,
        0,
        185,
        384,
        0
      ],
      [
        83,
        33,
        551,
        0,
        2433
      ]
    ],
    "per_class_metrics": {
      "class_0": {
        "TP": 2086,
        "FP": 636,
        "FN": 282,
        "TN": 14469,
        "TPR_sensitivity": 0.8809121621621622,
        "TNR_specificity": 0.9578947368421052,
        "PPV_precision": 0.766348273328435,
        "NPV": 0.9808826520235916,
        "FPR": 0.042105263157894736,
        "FNR": 0.11908783783783784,
        "FDR": 0.23365172667156503,
        "FOR": 0.019117347976408378,
        "prevalence": 0.13552337892748811,
        "threat_score_CSI": 0.6944074567243675,
        "informedness_J": 0.8388068990042674,
        "markedness_MK": 0.7472309253520266,
        "prevalence_threshold": 0.17940371654259485,
        "LR_plus": 20.92166385135135,
        "LR_minus": 0.12432246807246808,
        "DOR": 168.2854609929078
      },
      "class_1": {
        "TP": 76,
        "FP": 182,
        "FN": 543,
        "TN": 16672,
        "TPR_sensitivity": 0.12277867528271405,
        "TNR_specificity": 0.9892013765278272,
        "PPV_precision": 0.29457364341085274,
        "NPV": 0.9684577403427244,
        "FPR": 0.010798623472172779,
        "FNR": 0.877221324717286,
        "FDR": 0.7054263565891473,
        "FOR": 0.03154225965727563,
        "prevalence": 0.03542608596119728,
        "threat_score_CSI": 0.09488139825218476,
        "informedness_J": 0.11198005181054138,
        "markedness_MK": 0.26303138375357715,
        "prevalence_threshold": 0.228732452099075,
        "LR_plus": 11.36984501766408,
        "LR_minus": 0.8867975172016037,
        "DOR": 12.821241373727561
      },
      "class_2": {
        "TP": 9619,
        "FP": 1115,
        "FN": 1198,
        "TN": 5541,
        "TPR_sensitivity": 0.8892484052879727,
        "TNR_specificity": 0.8324819711538461,
        "PPV_precision": 0.8961244643189864,
        "NPV": 0.8222288173319484,
        "FPR": 0.16751802884615385,
        "FNR": 0.11075159471202736,
        "FDR": 0.1038755356810136,
        "FOR": 0.17777118266805164,
        "prevalence": 0.6190694213930064,
        "threat_score_CSI": 0.8061515253100905,
        "informedness_J": 0.7217303764418188,
        "markedness_MK": 0.7183532816509348,
        "prevalence_threshold": 0.30266426650678546,
        "LR_plus": 5.308374336858068,
        "LR_minus": 0.13303782970641656,
        "DOR": 39.90123973438541
      },
      "class_3": {
        "TP": 384,
        "FP": 249,
        "FN": 185,
        "TN": 16655,
        "TPR_sensitivity": 0.6748681898066784,
        "TNR_specificity": 0.9852697586370089,
        "PPV_precision": 0.6066350710900474,
        "NPV": 0.9890142517814727,
        "FPR": 0.014730241362991009,
        "FNR": 0.3251318101933216,
        "FDR": 0.3933649289099526,
        "FOR": 0.010985748218527316,
        "prevalence": 0.032564528129113486,
        "threat_score_CSI": 0.46943765281173594,
        "informedness_J": 0.6601379484436873,
        "markedness_MK": 0.5956493228715201,
        "prevalence_threshold": 0.12872185066666744,
        "LR_plus": 45.815148114426066,
        "LR_minus": 0.32999268204790805,
        "DOR": 138.83686095734288
      },
      "class_4": {
        "TP": 2433,
        "FP": 693,
        "FN": 667,
        "TN": 13680,
        "TPR_sensitivity": 0.7848387096774193,
        "TNR_specificity": 0.9517845961177207,
        "PPV_precision": 0.7783109404990403,
        "NPV": 0.9535094444831672,
        "FPR": 0.048215403882279274,
        "FNR": 0.21516129032258063,
        "FDR": 0.22168905950095968,
        "FOR": 0.04649055551683279,
        "prevalence": 0.17741658558919476,
        "threat_score_CSI": 0.6414447666754548,
        "informedness_J": 0.7366233057951401,
        "markedness_MK": 0.7318203849822074,
        "prevalence_threshold": 0.19862667738981654,
        "LR_plus": 16.27775869291998,
        "LR_minus": 0.22606090831918504,
        "DOR": 72.0060748846356
      }
    },
    "specificity": 0.9433264878557017,
    "FPR": 0.05667351214429833,
    "FNR": 0.32947077155661064,
    "FDR": 0.3316015214705277,
    "FOR": 0.05718141880741916,
    "PPV": 0.6683984785294724,
    "NPV": 0.9428185811925809,
    "prevalence": 0.2,
    "threat_score_CSI": 0.0,
    "informedness_J": 0.0,
    "markedness_MK": 0.0,
    "prevalence_threshold": 0.20762979264098788,
    "LR_plus": 19.93855800264391,
    "LR_minus": 0.3400422810695163,
    "DOR": 86.37017558859985,
    "MCC": 0.7094001491651549,
    "cohens_kappa": 0.7088506369391386,
    "hamming_loss": 0.16453957534481772,
    "log_loss": 0.43560782233565576,
    "mean_prediction_entropy": 0.3938058912754059,
    "std_prediction_entropy": 0.3627639412879944,
    "auc_roc": 0.9515900463395637,
    "num_samples": 17473,
    "num_classes": 5,
    "class_names": [
      "class_0",
      "class_1",
      "class_2",
      "class_3",
      "class_4"
    ],
    "val_loss": 0.4397957591462309,
    "best_epoch": 22
  },
  "duration_seconds": 4209.136482954025,
  "timestamp": "2026-03-16T21:25:21.792849"
}