{
  "experiment": "snn_lif_resnet",
  "name": "SNN-ResNet18-LIF",
  "config": {
    "type": "snn",
    "backbone": "resnet18",
    "neuron_type": "lif",
    "name": "SNN-ResNet18-LIF"
  },
  "metrics": {
    "accuracy": 0.6204429691524066,
    "balanced_accuracy": 0.24563322654030567,
    "precision_macro": 0.21008088639422012,
    "precision_weighted": 0.4533475569796051,
    "recall_macro": 0.24563322654030567,
    "recall_weighted": 0.6204429691524066,
    "f1_macro": 0.22033020793894717,
    "f1_weighted": 0.5184285758744636,
    "sensitivity": 0.24563322654030567,
    "confusion_matrix": [
      [
        685,
        0,
        1683,
        0,
        0
      ],
      [
        83,
        0,
        536,
        0,
        0
      ],
      [
        661,
        0,
        10156,
        0,
        0
      ],
      [
        14,
        0,
        555,
        0,
        0
      ],
      [
        239,
        0,
        2861,
        0,
        0
      ]
    ],
    "per_class_metrics": {
      "class_0": {
        "TP": 685,
        "FP": 997,
        "FN": 1683,
        "TN": 14108,
        "TPR_sensitivity": 0.28927364864864863,
        "TNR_specificity": 0.9339953657729229,
        "PPV_precision": 0.40725326991676575,
        "NPV": 0.8934203027040719,
        "FPR": 0.06600463422707713,
        "FNR": 0.7107263513513513,
        "FDR": 0.5927467300832342,
        "FOR": 0.10657969729592806,
        "prevalence": 0.13552337892748811,
        "threat_score_CSI": 0.20356612184249628,
        "informedness_J": 0.22326901442157143,
        "markedness_MK": 0.3006735726208376,
        "prevalence_threshold": 0.32326133792069284,
        "LR_plus": 4.3826263418634275,
        "LR_minus": 0.760952759934942,
        "DOR": 5.759393450702672
      },
      "class_1": {
        "TP": 0,
        "FP": 0,
        "FN": 619,
        "TN": 16854,
        "TPR_sensitivity": 0.0,
        "TNR_specificity": 1.0,
        "PPV_precision": 0.0,
        "NPV": 0.9645739140388028,
        "FPR": 0.0,
        "FNR": 1.0,
        "FDR": 0.0,
        "FOR": 0.03542608596119728,
        "prevalence": 0.03542608596119728,
        "threat_score_CSI": 0.0,
        "informedness_J": 0.0,
        "markedness_MK": -0.03542608596119723,
        "prevalence_threshold": 0.5,
        "LR_plus": Infinity,
        "LR_minus": 1.0,
        "DOR": Infinity
      },
      "class_2": {
        "TP": 10156,
        "FP": 5635,
        "FN": 661,
        "TN": 1021,
        "TPR_sensitivity": 0.9388924840528797,
        "TNR_specificity": 0.15339543269230768,
        "PPV_precision": 0.6431511620543348,
        "NPV": 0.6070154577883472,
        "FPR": 0.8466045673076923,
        "FNR": 0.06110751594712027,
        "FDR": 0.35684883794566524,
        "FOR": 0.3929845422116528,
        "prevalence": 0.6190694213930064,
        "threat_score_CSI": 0.6173109652321906,
        "informedness_J": 0.09228791674518733,
        "markedness_MK": 0.25016661984268196,
        "prevalence_threshold": 0.48706947762162234,
        "LR_plus": 1.1090094718466668,
        "LR_minus": 0.3983659413751543,
        "DOR": 2.783896304032367
      },
      "class_3": {
        "TP": 0,
        "FP": 0,
        "FN": 569,
        "TN": 16904,
        "TPR_sensitivity": 0.0,
        "TNR_specificity": 1.0,
        "PPV_precision": 0.0,
        "NPV": 0.9674354718708865,
        "FPR": 0.0,
        "FNR": 1.0,
        "FDR": 0.0,
        "FOR": 0.032564528129113486,
        "prevalence": 0.032564528129113486,
        "threat_score_CSI": 0.0,
        "informedness_J": 0.0,
        "markedness_MK": -0.03256452812911348,
        "prevalence_threshold": 0.5,
        "LR_plus": Infinity,
        "LR_minus": 1.0,
        "DOR": Infinity
      },
      "class_4": {
        "TP": 0,
        "FP": 0,
        "FN": 3100,
        "TN": 14373,
        "TPR_sensitivity": 0.0,
        "TNR_specificity": 1.0,
        "PPV_precision": 0.0,
        "NPV": 0.8225834144108053,
        "FPR": 0.0,
        "FNR": 1.0,
        "FDR": 0.0,
        "FOR": 0.17741658558919476,
        "prevalence": 0.17741658558919476,
        "threat_score_CSI": 0.0,
        "informedness_J": 0.0,
        "markedness_MK": -0.1774165855891947,
        "prevalence_threshold": 0.5,
        "LR_plus": Infinity,
        "LR_minus": 1.0,
        "DOR": Infinity
      }
    },
    "specificity": 0.8174781596930462,
    "FPR": 0.1825218403069539,
    "FNR": 0.7543667734596944,
    "FDR": 0.1899191136057799,
    "FOR": 0.14899428783741725,
    "PPV": 0.21008088639422012,
    "NPV": 0.8510057121625827,
    "prevalence": 0.2,
    "threat_score_CSI": 0.0,
    "informedness_J": 0.0,
    "markedness_MK": 0.0,
    "prevalence_threshold": 0.462066163108463,
    "LR_plus": 2.7458179068550472,
    "LR_minus": 0.8318637402620194,
    "DOR": 4.271644877367519,
    "MCC": 0.15289479103601838,
    "cohens_kappa": 0.11210176365599522,
    "hamming_loss": 0.37955703084759346,
    "log_loss": 1.3424713186588897,
    "mean_prediction_entropy": 1.5383434295654297,
    "std_prediction_entropy": 0.008275195956230164,
    "auc_roc": 0.5535613626259922,
    "num_samples": 17473,
    "num_classes": 5,
    "class_names": [
      "class_0",
      "class_1",
      "class_2",
      "class_3",
      "class_4"
    ],
    "val_loss": 1.341770035507035,
    "best_epoch": 4
  },
  "duration_seconds": 7140.934434175491,
  "timestamp": "2026-03-16T03:33:59.053137"
}