{
  "experiment": "snn_lif_resnet",
  "name": "SNN-ResNet18-LIF",
  "config": {
    "type": "snn",
    "backbone": "resnet18",
    "neuron_type": "lif",
    "name": "SNN-ResNet18-LIF"
  },
  "metrics": {
    "accuracy": 0.49510673610713674,
    "balanced_accuracy": 0.2650035062890205,
    "precision_macro": 0.26837790287955177,
    "precision_weighted": 0.5158166323955984,
    "recall_macro": 0.2650035062890205,
    "recall_weighted": 0.49510673610713674,
    "f1_macro": 0.2598603094621759,
    "f1_weighted": 0.49933278977835227,
    "sensitivity": 0.2650035062890205,
    "confusion_matrix": [
      [
        841,
        0,
        1129,
        0,
        398
      ],
      [
        143,
        0,
        317,
        0,
        159
      ],
      [
        380,
        0,
        6733,
        0,
        3704
      ],
      [
        0,
        0,
        171,
        0,
        398
      ],
      [
        389,
        0,
        1634,
        0,
        1077
      ]
    ],
    "per_class_metrics": {
      "class_0": {
        "TP": 841,
        "FP": 912,
        "FN": 1527,
        "TN": 14193,
        "TPR_sensitivity": 0.35515202702702703,
        "TNR_specificity": 0.939622641509434,
        "PPV_precision": 0.479749001711352,
        "NPV": 0.9028625954198474,
        "FPR": 0.06037735849056604,
        "FNR": 0.644847972972973,
        "FDR": 0.5202509982886481,
        "FOR": 0.09713740458015267,
        "prevalence": 0.13552337892748811,
        "threat_score_CSI": 0.25640243902439025,
        "informedness_J": 0.29477466853646095,
        "markedness_MK": 0.3826115971311994,
        "prevalence_threshold": 0.2919430283890714,
        "LR_plus": 5.882205447635135,
        "LR_minus": 0.6862839873005536,
        "DOR": 8.571095284872298
      },
      "class_1": {
        "TP": 0,
        "FP": 0,
        "FN": 619,
        "TN": 16854,
        "TPR_sensitivity": 0.0,
        "TNR_specificity": 1.0,
        "PPV_precision": 0.0,
        "NPV": 0.9645739140388028,
        "FPR": 0.0,
        "FNR": 1.0,
        "FDR": 0.0,
        "FOR": 0.03542608596119728,
        "prevalence": 0.03542608596119728,
        "threat_score_CSI": 0.0,
        "informedness_J": 0.0,
        "markedness_MK": -0.03542608596119723,
        "prevalence_threshold": 0.5,
        "LR_plus": Infinity,
        "LR_minus": 1.0,
        "DOR": Infinity
      },
      "class_2": {
        "TP": 6733,
        "FP": 3251,
        "FN": 4084,
        "TN": 3405,
        "TPR_sensitivity": 0.6224461495793658,
        "TNR_specificity": 0.5115685096153846,
        "PPV_precision": 0.6743790064102564,
        "NPV": 0.4546668447055682,
        "FPR": 0.48843149038461536,
        "FNR": 0.37755385042063416,
        "FDR": 0.3256209935897436,
        "FOR": 0.5453331552944318,
        "prevalence": 0.6190694213930064,
        "threat_score_CSI": 0.47860392379869204,
        "informedness_J": 0.13401465919475042,
        "markedness_MK": 0.12904585111582456,
        "prevalence_threshold": 0.4697298253140871,
        "LR_plus": 1.2743775981544938,
        "LR_minus": 0.7380318438765759,
        "DOR": 1.726724407256895
      },
      "class_3": {
        "TP": 0,
        "FP": 0,
        "FN": 569,
        "TN": 16904,
        "TPR_sensitivity": 0.0,
        "TNR_specificity": 1.0,
        "PPV_precision": 0.0,
        "NPV": 0.9674354718708865,
        "FPR": 0.0,
        "FNR": 1.0,
        "FDR": 0.0,
        "FOR": 0.032564528129113486,
        "prevalence": 0.032564528129113486,
        "threat_score_CSI": 0.0,
        "informedness_J": 0.0,
        "markedness_MK": -0.03256452812911348,
        "prevalence_threshold": 0.5,
        "LR_plus": Infinity,
        "LR_minus": 1.0,
        "DOR": Infinity
      },
      "class_4": {
        "TP": 1077,
        "FP": 4659,
        "FN": 2023,
        "TN": 9714,
        "TPR_sensitivity": 0.34741935483870967,
        "TNR_specificity": 0.6758505531204342,
        "PPV_precision": 0.18776150627615062,
        "NPV": 0.8276390900570845,
        "FPR": 0.3241494468795659,
        "FNR": 0.6525806451612903,
        "FDR": 0.8122384937238494,
        "FOR": 0.17236090994291556,
        "prevalence": 0.17741658558919476,
        "threat_score_CSI": 0.13880654723546848,
        "informedness_J": 0.023269907959143854,
        "markedness_MK": 0.015400596333235095,
        "prevalence_threshold": 0.49133488009014303,
        "LR_plus": 1.0717875911347443,
        "LR_minus": 0.9655694474884935,
        "DOR": 1.1100057007007946
      }
    },
    "specificity": 0.8254083408490505,
    "FPR": 0.17459165915094946,
    "FNR": 0.7349964937109794,
    "FDR": 0.3316220971204482,
    "FOR": 0.17656441678156215,
    "PPV": 0.26837790287955177,
    "NPV": 0.8234355832184377,
    "prevalence": 0.2,
    "threat_score_CSI": 0.0,
    "informedness_J": 0.0,
    "markedness_MK": 0.0,
    "prevalence_threshold": 0.45060154675866027,
    "LR_plus": 2.7427902123081247,
    "LR_minus": 0.8779770557331247,
    "DOR": 3.8026084642766627,
    "MCC": 0.12414288355720318,
    "cohens_kappa": 0.12105008244082427,
    "hamming_loss": 0.5048932638928633,
    "log_loss": 1.364277119332146,
    "mean_prediction_entropy": 1.5487685203552246,
    "std_prediction_entropy": 0.01538938656449318,
    "auc_roc": 0.5012098907781302,
    "num_samples": 17473,
    "num_classes": 5,
    "class_names": [
      "class_0",
      "class_1",
      "class_2",
      "class_3",
      "class_4"
    ],
    "val_loss": 1.364573976419268,
    "best_epoch": 2
  },
  "duration_seconds": 10042.96480846405,
  "timestamp": "2026-03-10T03:28:53.233395"
}