{
  "experiment": "snn_lif_vit",
  "name": "SNN-ViT-LIF",
  "config": {
    "type": "snn_vit",
    "neuron_type": "lif",
    "name": "SNN-ViT-LIF"
  },
  "metrics": {
    "accuracy": 0.465232072340182,
    "balanced_accuracy": 0.40183419015922883,
    "precision_macro": 0.46650922672496664,
    "precision_weighted": 0.6454756508513801,
    "recall_macro": 0.40183419015922883,
    "recall_weighted": 0.465232072340182,
    "f1_macro": 0.3090774282528713,
    "f1_weighted": 0.45782555637455585,
    "sensitivity": 0.40183419015922883,
    "confusion_matrix": [
      [
        2331,
        0,
        17,
        0,
        20
      ],
      [
        520,
        0,
        8,
        0,
        91
      ],
      [
        2975,
        0,
        3911,
        7,
        3924
      ],
      [
        8,
        0,
        521,
        38,
        2
      ],
      [
        1017,
        0,
        234,
        0,
        1849
      ]
    ],
    "per_class_metrics": {
      "class_0": {
        "TP": 2331,
        "FP": 4520,
        "FN": 37,
        "TN": 10585,
        "TPR_sensitivity": 0.984375,
        "TNR_specificity": 0.7007613373055279,
        "PPV_precision": 0.340242300394103,
        "NPV": 0.9965166635285257,
        "FPR": 0.299238662694472,
        "FNR": 0.015625,
        "FDR": 0.6597576996058969,
        "FOR": 0.0034833364714742985,
        "prevalence": 0.13552337892748811,
        "threat_score_CSI": 0.3384146341463415,
        "informedness_J": 0.6851363373055279,
        "markedness_MK": 0.3367589639226287,
        "prevalence_threshold": 0.35540076095940637,
        "LR_plus": 3.2895983130530975,
        "LR_minus": 0.022297177609825226,
        "DOR": 147.5342920353982
      },
      "class_1": {
        "TP": 0,
        "FP": 0,
        "FN": 619,
        "TN": 16854,
        "TPR_sensitivity": 0.0,
        "TNR_specificity": 1.0,
        "PPV_precision": 0.0,
        "NPV": 0.9645739140388028,
        "FPR": 0.0,
        "FNR": 1.0,
        "FDR": 0.0,
        "FOR": 0.03542608596119728,
        "prevalence": 0.03542608596119728,
        "threat_score_CSI": 0.0,
        "informedness_J": 0.0,
        "markedness_MK": -0.03542608596119723,
        "prevalence_threshold": 0.5,
        "LR_plus": Infinity,
        "LR_minus": 1.0,
        "DOR": Infinity
      },
      "class_2": {
        "TP": 3911,
        "FP": 780,
        "FN": 6906,
        "TN": 5876,
        "TPR_sensitivity": 0.3615605066099658,
        "TNR_specificity": 0.8828125,
        "PPV_precision": 0.8337241526327009,
        "NPV": 0.45970896573306214,
        "FPR": 0.1171875,
        "FNR": 0.6384394933900343,
        "FDR": 0.16627584736729908,
        "FOR": 0.5402910342669379,
        "prevalence": 0.6190694213930064,
        "threat_score_CSI": 0.33724239027334657,
        "informedness_J": 0.24437300660996586,
        "markedness_MK": 0.293433118365763,
        "prevalence_threshold": 0.36277798441647335,
        "LR_plus": 3.0853163230717082,
        "LR_minus": 0.7231880987072954,
        "DOR": 4.26627087556714
      },
      "class_3": {
        "TP": 38,
        "FP": 7,
        "FN": 531,
        "TN": 16897,
        "TPR_sensitivity": 0.06678383128295255,
        "TNR_specificity": 0.9995858968291529,
        "PPV_precision": 0.8444444444444444,
        "NPV": 0.9695317879274731,
        "FPR": 0.00041410317084713676,
        "FNR": 0.9332161687170475,
        "FDR": 0.15555555555555556,
        "FOR": 0.03046821207252697,
        "prevalence": 0.032564528129113486,
        "threat_score_CSI": 0.06597222222222222,
        "informedness_J": 0.0663697281121054,
        "markedness_MK": 0.8139762323719175,
        "prevalence_threshold": 0.07299618050377456,
        "LR_plus": 161.2734120010043,
        "LR_minus": 0.9336027765871439,
        "DOR": 172.74307237019104
      },
      "class_4": {
        "TP": 1849,
        "FP": 4037,
        "FN": 1251,
        "TN": 10336,
        "TPR_sensitivity": 0.5964516129032258,
        "TNR_specificity": 0.7191261392889445,
        "PPV_precision": 0.3141352361535848,
        "NPV": 0.8920341762319841,
        "FPR": 0.28087386071105547,
        "FNR": 0.4035483870967742,
        "FDR": 0.6858647638464153,
        "FOR": 0.10796582376801588,
        "prevalence": 0.17741658558919476,
        "threat_score_CSI": 0.2590724394003083,
        "informedness_J": 0.3155777521921703,
        "markedness_MK": 0.20616941238556885,
        "prevalence_threshold": 0.40696017546350405,
        "LR_plus": 2.1235568571360077,
        "LR_minus": 0.5611649543093978,
        "DOR": 3.7841936507766776
      }
    },
    "specificity": 0.860457174684725,
    "FPR": 0.13954282531527493,
    "FNR": 0.5981658098407712,
    "FDR": 0.33349077327503335,
    "FOR": 0.14352689850803046,
    "PPV": 0.46650922672496664,
    "NPV": 0.8564731014919695,
    "prevalence": 0.2,
    "threat_score_CSI": 0.0,
    "informedness_J": 0.0,
    "markedness_MK": 0.0,
    "prevalence_threshold": 0.3396270202686317,
    "LR_plus": 42.442970873566274,
    "LR_minus": 0.6480506014427325,
    "DOR": 82.08195723298327,
    "MCC": 0.304608524387704,
    "cohens_kappa": 0.2581027059709582,
    "hamming_loss": 0.534767927659818,
    "log_loss": 1.3213810982758565,
    "mean_prediction_entropy": 1.5347862243652344,
    "std_prediction_entropy": 0.02116333320736885,
    "auc_roc": 0.781861385401072,
    "num_samples": 17473,
    "num_classes": 5,
    "class_names": [
      "class_0",
      "class_1",
      "class_2",
      "class_3",
      "class_4"
    ],
    "val_loss": 1.3228508299284607,
    "best_epoch": 5
  },
  "duration_seconds": 6700.184841394424,
  "timestamp": "2026-03-16T06:54:38.102134"
}