{
  "experiment": "snn_lif_vit",
  "name": "SNN-ViT-LIF",
  "config": {
    "type": "snn_vit",
    "neuron_type": "lif",
    "name": "SNN-ViT-LIF"
  },
  "metrics": {
    "accuracy": 0.7082927945973788,
    "balanced_accuracy": 0.4770399472473065,
    "precision_macro": 0.5606491334199596,
    "precision_weighted": 0.7133707172464592,
    "recall_macro": 0.4770399472473065,
    "recall_weighted": 0.7082927945973788,
    "f1_macro": 0.4534361308079167,
    "f1_weighted": 0.6903210196900827,
    "sensitivity": 0.4770399472473065,
    "confusion_matrix": [
      [
        2294,
        0,
        57,
        0,
        17
      ],
      [
        435,
        0,
        110,
        0,
        74
      ],
      [
        1489,
        0,
        8557,
        15,
        756
      ],
      [
        3,
        0,
        473,
        93,
        0
      ],
      [
        411,
        0,
        1257,
        0,
        1432
      ]
    ],
    "per_class_metrics": {
      "class_0": {
        "TP": 2294,
        "FP": 2338,
        "FN": 74,
        "TN": 12767,
        "TPR_sensitivity": 0.96875,
        "TNR_specificity": 0.8452168156239656,
        "PPV_precision": 0.4952504317789292,
        "NPV": 0.9942372089401137,
        "FPR": 0.15478318437603442,
        "FNR": 0.03125,
        "FDR": 0.5047495682210709,
        "FOR": 0.005762791059886301,
        "prevalence": 0.13552337892748811,
        "threat_score_CSI": 0.48746281342966424,
        "informedness_J": 0.8139668156239654,
        "markedness_MK": 0.48948764071904294,
        "prevalence_threshold": 0.28557147145272416,
        "LR_plus": 6.258754811804962,
        "LR_minus": 0.0369727618077857,
        "DOR": 169.28015397775877
      },
      "class_1": {
        "TP": 0,
        "FP": 0,
        "FN": 619,
        "TN": 16854,
        "TPR_sensitivity": 0.0,
        "TNR_specificity": 1.0,
        "PPV_precision": 0.0,
        "NPV": 0.9645739140388028,
        "FPR": 0.0,
        "FNR": 1.0,
        "FDR": 0.0,
        "FOR": 0.03542608596119728,
        "prevalence": 0.03542608596119728,
        "threat_score_CSI": 0.0,
        "informedness_J": 0.0,
        "markedness_MK": -0.03542608596119723,
        "prevalence_threshold": 0.5,
        "LR_plus": Infinity,
        "LR_minus": 1.0,
        "DOR": Infinity
      },
      "class_2": {
        "TP": 8557,
        "FP": 1897,
        "FN": 2260,
        "TN": 4759,
        "TPR_sensitivity": 0.7910696126467597,
        "TNR_specificity": 0.7149939903846154,
        "PPV_precision": 0.8185383585230533,
        "NPV": 0.6780168115116113,
        "FPR": 0.28500600961538464,
        "FNR": 0.20893038735324027,
        "FDR": 0.18146164147694663,
        "FOR": 0.32198318848838864,
        "prevalence": 0.6190694213930064,
        "threat_score_CSI": 0.6730375963504798,
        "informedness_J": 0.5060636030313752,
        "markedness_MK": 0.49655517003466465,
        "prevalence_threshold": 0.37509088848774463,
        "LR_plus": 2.7756243235513085,
        "LR_minus": 0.2922127880275619,
        "DOR": 9.498640844183411
      },
      "class_3": {
        "TP": 93,
        "FP": 15,
        "FN": 476,
        "TN": 16889,
        "TPR_sensitivity": 0.1634446397188049,
        "TNR_specificity": 0.9991126360624705,
        "PPV_precision": 0.8611111111111112,
        "NPV": 0.9725885401670026,
        "FPR": 0.0008873639375295788,
        "FNR": 0.836555360281195,
        "FDR": 0.1388888888888889,
        "FOR": 0.02741145983299741,
        "prevalence": 0.032564528129113486,
        "threat_score_CSI": 0.15924657534246575,
        "informedness_J": 0.16255727578127543,
        "markedness_MK": 0.8336996512781139,
        "prevalence_threshold": 0.06862614284764311,
        "LR_plus": 184.19121265377854,
        "LR_minus": 0.8372983486407318,
        "DOR": 219.9827731092437
      },
      "class_4": {
        "TP": 1432,
        "FP": 847,
        "FN": 1668,
        "TN": 13526,
        "TPR_sensitivity": 0.4619354838709677,
        "TNR_specificity": 0.9410700619216587,
        "PPV_precision": 0.6283457656867047,
        "NPV": 0.8902198236145847,
        "FPR": 0.058929938078341335,
        "FNR": 0.5380645161290323,
        "FDR": 0.3716542343132953,
        "FOR": 0.10978017638541529,
        "prevalence": 0.17741658558919476,
        "threat_score_CSI": 0.3628071953382316,
        "informedness_J": 0.4030055457926265,
        "markedness_MK": 0.5185655893012895,
        "prevalence_threshold": 0.26317368347497383,
        "LR_plus": 7.838723388048901,
        "LR_minus": 0.5717581909154651,
        "DOR": 13.709857615678413
      }
    },
    "specificity": 0.9000787007985419,
    "FPR": 0.099921299201458,
    "FNR": 0.5229600527526935,
    "FDR": 0.23935086658004034,
    "FOR": 0.10007274034557698,
    "PPV": 0.5606491334199596,
    "NPV": 0.899927259654423,
    "prevalence": 0.2,
    "threat_score_CSI": 0.0,
    "informedness_J": 0.0,
    "markedness_MK": 0.0,
    "prevalence_threshold": 0.29849243725261715,
    "LR_plus": 50.26607879429592,
    "LR_minus": 0.547648417878309,
    "DOR": 103.11785638671607,
    "MCC": 0.49789407887096104,
    "cohens_kappa": 0.48854338229814354,
    "hamming_loss": 0.2917072054026212,
    "log_loss": 1.2504908108776907,
    "mean_prediction_entropy": 1.5427725315093994,
    "std_prediction_entropy": 0.020982081070542336,
    "auc_roc": 0.8118990646667633,
    "num_samples": 17473,
    "num_classes": 5,
    "class_names": [
      "class_0",
      "class_1",
      "class_2",
      "class_3",
      "class_4"
    ],
    "val_loss": 1.2517346570091525,
    "best_epoch": 11
  },
  "duration_seconds": 19373.35625076294,
  "timestamp": "2026-03-10T08:51:54.471616"
}