{
  "experiment": "quantum_full_RZ",
  "name": "Quantum-full-RZ",
  "config": {
    "type": "quantum",
    "entanglement": "full",
    "rotation": "RZ",
    "name": "Quantum-full-RZ"
  },
  "metrics": {
    "accuracy": 0.8324844045098151,
    "balanced_accuracy": 0.6617214587395177,
    "precision_macro": 0.668592863407483,
    "precision_weighted": 0.8223562347627388,
    "recall_macro": 0.6617214587395177,
    "recall_weighted": 0.8324844045098151,
    "f1_macro": 0.6345295380619038,
    "f1_weighted": 0.8211198579378992,
    "sensitivity": 0.6617214587395177,
    "confusion_matrix": [
      [
        2134,
        19,
        164,
        0,
        51
      ],
      [
        248,
        20,
        250,
        0,
        101
      ],
      [
        412,
        9,
        9612,
        308,
        476
      ],
      [
        0,
        0,
        158,
        411,
        0
      ],
      [
        118,
        8,
        605,
        0,
        2369
      ]
    ],
    "per_class_metrics": {
      "class_0": {
        "TP": 2134,
        "FP": 778,
        "FN": 234,
        "TN": 14327,
        "TPR_sensitivity": 0.9011824324324325,
        "TNR_specificity": 0.9484938761999337,
        "PPV_precision": 0.7328296703296703,
        "NPV": 0.9839296751596731,
        "FPR": 0.0515061238000662,
        "FNR": 0.09881756756756757,
        "FDR": 0.26717032967032966,
        "FOR": 0.016070324840326902,
        "prevalence": 0.13552337892748811,
        "threat_score_CSI": 0.6783216783216783,
        "informedness_J": 0.8496763086323662,
        "markedness_MK": 0.7167593454893435,
        "prevalence_threshold": 0.19294237503444947,
        "LR_plus": 17.496607508858474,
        "LR_minus": 0.10418366427780472,
        "DOR": 167.94002812383275
      },
      "class_1": {
        "TP": 20,
        "FP": 36,
        "FN": 599,
        "TN": 16818,
        "TPR_sensitivity": 0.03231017770597738,
        "TNR_specificity": 0.9978640085439658,
        "PPV_precision": 0.35714285714285715,
        "NPV": 0.9656083137164839,
        "FPR": 0.002135991456034176,
        "FNR": 0.9676898222940227,
        "FDR": 0.6428571428571429,
        "FOR": 0.034391686283516104,
        "prevalence": 0.03542608596119728,
        "threat_score_CSI": 0.030534351145038167,
        "informedness_J": 0.03017418624994317,
        "markedness_MK": 0.32275117085934113,
        "prevalence_threshold": 0.2045288272096161,
        "LR_plus": 15.126548196015078,
        "LR_minus": 0.9697612239828433,
        "DOR": 15.598219254312742
      },
      "class_2": {
        "TP": 9612,
        "FP": 1177,
        "FN": 1205,
        "TN": 5479,
        "TPR_sensitivity": 0.8886012757696219,
        "TNR_specificity": 0.8231670673076923,
        "PPV_precision": 0.8909074056909816,
        "NPV": 0.8197187312986236,
        "FPR": 0.17683293269230768,
        "FNR": 0.11139872423037811,
        "FDR": 0.10909259430901845,
        "FOR": 0.18028126870137642,
        "prevalence": 0.6190694213930064,
        "threat_score_CSI": 0.8014007003501751,
        "informedness_J": 0.7117683430773143,
        "markedness_MK": 0.7106261369896052,
        "prevalence_threshold": 0.3084828693040111,
        "LR_plus": 5.025089287614787,
        "LR_minus": 0.1353294229745203,
        "DOR": 37.132274542845764
      },
      "class_3": {
        "TP": 411,
        "FP": 308,
        "FN": 158,
        "TN": 16596,
        "TPR_sensitivity": 0.7223198594024605,
        "TNR_specificity": 0.981779460482726,
        "PPV_precision": 0.5716272600834492,
        "NPV": 0.9905694162588039,
        "FPR": 0.01822053951727402,
        "FNR": 0.27768014059753954,
        "FDR": 0.4283727399165508,
        "FOR": 0.009430583741196132,
        "prevalence": 0.032564528129113486,
        "threat_score_CSI": 0.46864310148232613,
        "informedness_J": 0.7040993198851866,
        "markedness_MK": 0.562196676342253,
        "prevalence_threshold": 0.1370561087248045,
        "LR_plus": 39.64316527058179,
        "LR_minus": 0.2828335199241268,
        "DOR": 140.16431037317113
      },
      "class_4": {
        "TP": 2369,
        "FP": 628,
        "FN": 731,
        "TN": 13745,
        "TPR_sensitivity": 0.7641935483870967,
        "TNR_specificity": 0.9563069644472274,
        "PPV_precision": 0.7904571237904571,
        "NPV": 0.94950262503454,
        "FPR": 0.04369303555277256,
        "FNR": 0.23580645161290323,
        "FDR": 0.20954287620954287,
        "FOR": 0.05049737496546007,
        "prevalence": 0.17741658558919476,
        "threat_score_CSI": 0.635461373390558,
        "informedness_J": 0.7205005128343243,
        "markedness_MK": 0.7399597488249969,
        "prevalence_threshold": 0.19297154479520992,
        "LR_plus": 17.490053934662008,
        "LR_minus": 0.24658029312711954,
        "DOR": 70.93046128242439
      }
    },
    "specificity": 0.9415222753963091,
    "FPR": 0.058477724603690925,
    "FNR": 0.33827854126048224,
    "FDR": 0.3314071365925169,
    "FOR": 0.05813424770637512,
    "PPV": 0.668592863407483,
    "NPV": 0.941865752293625,
    "prevalence": 0.2,
    "threat_score_CSI": 0.0,
    "informedness_J": 0.0,
    "markedness_MK": 0.0,
    "prevalence_threshold": 0.2071963450136182,
    "LR_plus": 18.95629283954643,
    "LR_minus": 0.3477376248572829,
    "DOR": 86.35305871531736,
    "MCC": 0.7039342075343091,
    "cohens_kappa": 0.7026041392728805,
    "hamming_loss": 0.16751559549018485,
    "log_loss": 0.44638165862369694,
    "mean_prediction_entropy": 0.38773512840270996,
    "std_prediction_entropy": 0.3652704060077667,
    "auc_roc": 0.9480101601886096,
    "num_samples": 17473,
    "num_classes": 5,
    "class_names": [
      "class_0",
      "class_1",
      "class_2",
      "class_3",
      "class_4"
    ],
    "val_loss": 0.45035626309631516,
    "best_epoch": 23
  },
  "duration_seconds": 3911.4466247558594,
  "timestamp": "2026-03-16T19:13:36.187524"
}