epoch,train_loss,train_acc,val_loss,val_acc,val_f1,val_auc,val_precision,val_recall,val_specificity,val_sensitivity,lr
0,1.540534219774259,26.978800468733354,1.1421246876681808,55.38831339781377,0.42947960709570693,0.8497302508030483,0.4308476549788621,0.5499252953852078,0.8808113918160438,0.5499252953852078,0.00033106575963718824
1,1.1803707889959114,45.96250133162885,2.4920665019185004,7.3084187031419905,0.13360767672550036,0.7344150524131765,0.31059315230698703,0.3783269196802841,0.8054995955101905,0.3783269196802841,0.0006643990929705216
2,1.2507960824739366,45.36060509214872,1.3031201229913392,44.583071023865394,0.39667702149539735,0.8094993591657607,0.4881238417543095,0.4544593968185568,0.8702864830079269,0.4544593968185568,0.000997732426303855
3,1.1706488619045334,43.5868754660701,1.1272260517317012,40.58833629027643,0.37052683152706295,0.8657985489804225,0.49446011880178353,0.5583046056028229,0.85757169450637,0.5583046056028229,0.000997732426303855
4,0.9445747992619365,58.953872376691166,0.9490090571615818,64.95736278830195,0.5106645891601729,0.900823093629189,0.5074945445574034,0.6164404460555659,0.9070274607645276,0.6164404460555659,0.0004988662131519275
